m,TagName,
"2008-07-01 00:00:00","c#","3"
"2008-08-01 00:00:00","assembly","8"
"2008-08-01 00:00:00","c","81"
"2008-08-01 00:00:00","c#","503"
"2008-08-01 00:00:00","c++","164"
"2008-08-01 00:00:00","delphi","13"
"2008-08-01 00:00:00","java","220"
"2008-08-01 00:00:00","javascript","160"
"2008-08-01 00:00:00","perl","28"
"2008-08-01 00:00:00","php","157"
"2008-08-01 00:00:00","python","119"
"2008-08-01 00:00:00","ruby","68"
"2008-09-01 00:00:00","assembly","28"
"2008-09-01 00:00:00","c","320"
"2008-09-01 00:00:00","c#","1636"
"2008-09-01 00:00:00","c++","749"
"2008-09-01 00:00:00","delphi","104"
"2008-09-01 00:00:00","java","1119"
"2008-09-01 00:00:00","javascript","629"
"2008-09-01 00:00:00","perl","128"
"2008-09-01 00:00:00","php","471"
"2008-09-01 00:00:00","python","533"
"2008-09-01 00:00:00","r","6"
"2008-09-01 00:00:00","ruby","285"
"2008-10-01 00:00:00","assembly","16"
"2008-10-01 00:00:00","c","302"
"2008-10-01 00:00:00","c#","1982"
"2008-10-01 00:00:00","c++","804"
"2008-10-01 00:00:00","delphi","112"
"2008-10-01 00:00:00","java","1142"
"2008-10-01 00:00:00","javascript","721"
"2008-10-01 00:00:00","perl","128"
"2008-10-01 00:00:00","php","603"
"2008-10-01 00:00:00","python","504"
"2008-10-01 00:00:00","ruby","245"
"2008-11-01 00:00:00","assembly","16"
"2008-11-01 00:00:00","c","257"
"2008-11-01 00:00:00","c#","1727"
"2008-11-01 00:00:00","c++","733"
"2008-11-01 00:00:00","delphi","139"
"2008-11-01 00:00:00","java","951"
"2008-11-01 00:00:00","javascript","581"
"2008-11-01 00:00:00","perl","97"
"2008-11-01 00:00:00","php","497"
"2008-11-01 00:00:00","python","446"
"2008-11-01 00:00:00","r","1"
"2008-11-01 00:00:00","ruby","154"
"2008-12-01 00:00:00","assembly","17"
"2008-12-01 00:00:00","c","188"
"2008-12-01 00:00:00","c#","1593"
"2008-12-01 00:00:00","c++","630"
"2008-12-01 00:00:00","delphi","133"
"2008-12-01 00:00:00","java","825"
"2008-12-01 00:00:00","javascript","625"
"2008-12-01 00:00:00","perl","133"
"2008-12-01 00:00:00","php","471"
"2008-12-01 00:00:00","python","437"
"2008-12-01 00:00:00","r","1"
"2008-12-01 00:00:00","ruby","159"
"2009-01-01 00:00:00","assembly","22"
"2009-01-01 00:00:00","c","317"
"2009-01-01 00:00:00","c#","2367"
"2009-01-01 00:00:00","c++","844"
"2009-01-01 00:00:00","delphi","163"
"2009-01-01 00:00:00","java","1140"
"2009-01-01 00:00:00","javascript","787"
"2009-01-01 00:00:00","perl","145"
"2009-01-01 00:00:00","php","622"
"2009-01-01 00:00:00","python","630"
"2009-01-01 00:00:00","r","8"
"2009-01-01 00:00:00","ruby","205"
"2009-01-01 00:00:00","swift","1"
"2009-02-01 00:00:00","assembly","36"
"2009-02-01 00:00:00","c","332"
"2009-02-01 00:00:00","c#","2595"
"2009-02-01 00:00:00","c++","841"
"2009-02-01 00:00:00","delphi","165"
"2009-02-01 00:00:00","java","1200"
"2009-02-01 00:00:00","javascript","944"
"2009-02-01 00:00:00","perl","162"
"2009-02-01 00:00:00","php","746"
"2009-02-01 00:00:00","python","630"
"2009-02-01 00:00:00","r","8"
"2009-02-01 00:00:00","ruby","286"
"2009-02-01 00:00:00","swift","1"
"2009-03-01 00:00:00","assembly","24"
"2009-03-01 00:00:00","c","428"
"2009-03-01 00:00:00","c#","3153"
"2009-03-01 00:00:00","c++","1044"
"2009-03-01 00:00:00","delphi","161"
"2009-03-01 00:00:00","java","1424"
"2009-03-01 00:00:00","javascript","1006"
"2009-03-01 00:00:00","perl","136"
"2009-03-01 00:00:00","php","889"
"2009-03-01 00:00:00","python","764"
"2009-03-01 00:00:00","r","4"
"2009-03-01 00:00:00","ruby","329"
"2009-03-01 00:00:00","swift","1"
"2009-04-01 00:00:00","assembly","50"
"2009-04-01 00:00:00","c","454"
"2009-04-01 00:00:00","c#","3301"
"2009-04-01 00:00:00","c++","1015"
"2009-04-01 00:00:00","delphi","185"
"2009-04-01 00:00:00","java","1525"
"2009-04-01 00:00:00","javascript","1040"
"2009-04-01 00:00:00","perl","161"
"2009-04-01 00:00:00","php","942"
"2009-04-01 00:00:00","python","768"
"2009-04-01 00:00:00","r","12"
"2009-04-01 00:00:00","ruby","356"
"2009-05-01 00:00:00","assembly","46"
"2009-05-01 00:00:00","c","477"
"2009-05-01 00:00:00","c#","3546"
"2009-05-01 00:00:00","c++","1210"
"2009-05-01 00:00:00","delphi","202"
"2009-05-01 00:00:00","java","1810"
"2009-05-01 00:00:00","javascript","1427"
"2009-05-01 00:00:00","perl","196"
"2009-05-01 00:00:00","php","1161"
"2009-05-01 00:00:00","python","995"
"2009-05-01 00:00:00","r","2"
"2009-05-01 00:00:00","ruby","400"
"2009-05-01 00:00:00","swift","2"
"2009-06-01 00:00:00","assembly","47"
"2009-06-01 00:00:00","c","498"
"2009-06-01 00:00:00","c#","3869"
"2009-06-01 00:00:00","c++","1248"
"2009-06-01 00:00:00","delphi","220"
"2009-06-01 00:00:00","java","2108"
"2009-06-01 00:00:00","javascript","1546"
"2009-06-01 00:00:00","perl","245"
"2009-06-01 00:00:00","php","1562"
"2009-06-01 00:00:00","python","1038"
"2009-06-01 00:00:00","r","5"
"2009-06-01 00:00:00","ruby","431"
"2009-07-01 00:00:00","assembly","32"
"2009-07-01 00:00:00","c","537"
"2009-07-01 00:00:00","c#","4400"
"2009-07-01 00:00:00","c++","1462"
"2009-07-01 00:00:00","delphi","269"
"2009-07-01 00:00:00","java","2249"
"2009-07-01 00:00:00","javascript","1751"
"2009-07-01 00:00:00","perl","256"
"2009-07-01 00:00:00","php","1996"
"2009-07-01 00:00:00","python","1158"
"2009-07-01 00:00:00","r","49"
"2009-07-01 00:00:00","ruby","498"
"2009-08-01 00:00:00","assembly","47"
"2009-08-01 00:00:00","c","529"
"2009-08-01 00:00:00","c#","4438"
"2009-08-01 00:00:00","c++","1395"
"2009-08-01 00:00:00","delphi","246"
"2009-08-01 00:00:00","java","2184"
"2009-08-01 00:00:00","javascript","1855"
"2009-08-01 00:00:00","perl","248"
"2009-08-01 00:00:00","php","2160"
"2009-08-01 00:00:00","python","1130"
"2009-08-01 00:00:00","r","47"
"2009-08-01 00:00:00","ruby","483"
"2009-08-01 00:00:00","swift","3"
"2009-09-01 00:00:00","assembly","62"
"2009-09-01 00:00:00","c","572"
"2009-09-01 00:00:00","c#","4345"
"2009-09-01 00:00:00","c++","1461"
"2009-09-01 00:00:00","delphi","251"
"2009-09-01 00:00:00","java","2255"
"2009-09-01 00:00:00","javascript","1755"
"2009-09-01 00:00:00","perl","247"
"2009-09-01 00:00:00","php","2239"
"2009-09-01 00:00:00","python","1167"
"2009-09-01 00:00:00","r","138"
"2009-09-01 00:00:00","ruby","477"
"2009-09-01 00:00:00","swift","3"
"2009-10-01 00:00:00","assembly","73"
"2009-10-01 00:00:00","c","770"
"2009-10-01 00:00:00","c#","4715"
"2009-10-01 00:00:00","c++","1682"
"2009-10-01 00:00:00","delphi","254"
"2009-10-01 00:00:00","java","2496"
"2009-10-01 00:00:00","javascript","2042"
"2009-10-01 00:00:00","perl","281"
"2009-10-01 00:00:00","php","2334"
"2009-10-01 00:00:00","python","1413"
"2009-10-01 00:00:00","r","73"
"2009-10-01 00:00:00","ruby","491"
"2009-10-01 00:00:00","swift","1"
"2009-11-01 00:00:00","assembly","82"
"2009-11-01 00:00:00","c","958"
"2009-11-01 00:00:00","c#","4673"
"2009-11-01 00:00:00","c++","1744"
"2009-11-01 00:00:00","delphi","273"
"2009-11-01 00:00:00","go","65"
"2009-11-01 00:00:00","java","2752"
"2009-11-01 00:00:00","javascript","2231"
"2009-11-01 00:00:00","perl","322"
"2009-11-01 00:00:00","php","2658"
"2009-11-01 00:00:00","python","1548"
"2009-11-01 00:00:00","r","93"
"2009-11-01 00:00:00","ruby","653"
"2009-11-01 00:00:00","swift","3"
"2009-12-01 00:00:00","assembly","62"
"2009-12-01 00:00:00","c","848"
"2009-12-01 00:00:00","c#","4478"
"2009-12-01 00:00:00","c++","1650"
"2009-12-01 00:00:00","delphi","281"
"2009-12-01 00:00:00","go","11"
"2009-12-01 00:00:00","java","2673"
"2009-12-01 00:00:00","javascript","2298"
"2009-12-01 00:00:00","perl","261"
"2009-12-01 00:00:00","php","2786"
"2009-12-01 00:00:00","python","1583"
"2009-12-01 00:00:00","r","80"
"2009-12-01 00:00:00","ruby","570"
"2009-12-01 00:00:00","swift","1"
"2010-01-01 00:00:00","assembly","100"
"2010-01-01 00:00:00","c","977"
"2010-01-01 00:00:00","c#","5105"
"2010-01-01 00:00:00","c++","1994"
"2010-01-01 00:00:00","delphi","302"
"2010-01-01 00:00:00","go","15"
"2010-01-01 00:00:00","java","3714"
"2010-01-01 00:00:00","javascript","2617"
"2010-01-01 00:00:00","perl","299"
"2010-01-01 00:00:00","php","3401"
"2010-01-01 00:00:00","python","1932"
"2010-01-01 00:00:00","r","93"
"2010-01-01 00:00:00","ruby","682"
"2010-02-01 00:00:00","assembly","69"
"2010-02-01 00:00:00","c","1034"
"2010-02-01 00:00:00","c#","5088"
"2010-02-01 00:00:00","c++","2274"
"2010-02-01 00:00:00","delphi","283"
"2010-02-01 00:00:00","go","7"
"2010-02-01 00:00:00","java","3568"
"2010-02-01 00:00:00","javascript","2635"
"2010-02-01 00:00:00","perl","347"
"2010-02-01 00:00:00","php","3131"
"2010-02-01 00:00:00","python","1860"
"2010-02-01 00:00:00","r","122"
"2010-02-01 00:00:00","ruby","686"
"2010-02-01 00:00:00","swift","2"
"2010-03-01 00:00:00","assembly","123"
"2010-03-01 00:00:00","c","1112"
"2010-03-01 00:00:00","c#","6020"
"2010-03-01 00:00:00","c++","2427"
"2010-03-01 00:00:00","delphi","316"
"2010-03-01 00:00:00","go","8"
"2010-03-01 00:00:00","java","4434"
"2010-03-01 00:00:00","javascript","2983"
"2010-03-01 00:00:00","perl","390"
"2010-03-01 00:00:00","php","3706"
"2010-03-01 00:00:00","python","2066"
"2010-03-01 00:00:00","r","139"
"2010-03-01 00:00:00","ruby","692"
"2010-03-01 00:00:00","swift","1"
"2010-04-01 00:00:00","assembly","124"
"2010-04-01 00:00:00","c","1179"
"2010-04-01 00:00:00","c#","5767"
"2010-04-01 00:00:00","c++","2486"
"2010-04-01 00:00:00","delphi","268"
"2010-04-01 00:00:00","go","10"
"2010-04-01 00:00:00","java","3867"
"2010-04-01 00:00:00","javascript","3008"
"2010-04-01 00:00:00","perl","363"
"2010-04-01 00:00:00","php","3626"
"2010-04-01 00:00:00","python","1805"
"2010-04-01 00:00:00","r","160"
"2010-04-01 00:00:00","ruby","751"
"2010-04-01 00:00:00","swift","2"
"2010-05-01 00:00:00","assembly","107"
"2010-05-01 00:00:00","c","1176"
"2010-05-01 00:00:00","c#","5918"
"2010-05-01 00:00:00","c++","2413"
"2010-05-01 00:00:00","delphi","279"
"2010-05-01 00:00:00","go","17"
"2010-05-01 00:00:00","java","4160"
"2010-05-01 00:00:00","javascript","3229"
"2010-05-01 00:00:00","perl","286"
"2010-05-01 00:00:00","php","3947"
"2010-05-01 00:00:00","python","2008"
"2010-05-01 00:00:00","r","139"
"2010-05-01 00:00:00","ruby","775"
"2010-05-01 00:00:00","swift","1"
"2010-06-01 00:00:00","assembly","90"
"2010-06-01 00:00:00","c","1148"
"2010-06-01 00:00:00","c#","6130"
"2010-06-01 00:00:00","c++","2817"
"2010-06-01 00:00:00","delphi","329"
"2010-06-01 00:00:00","go","15"
"2010-06-01 00:00:00","java","4270"
"2010-06-01 00:00:00","javascript","3472"
"2010-06-01 00:00:00","perl","409"
"2010-06-01 00:00:00","php","4055"
"2010-06-01 00:00:00","python","2200"
"2010-06-01 00:00:00","r","176"
"2010-06-01 00:00:00","ruby","850"
"2010-06-01 00:00:00","swift","4"
"2010-07-01 00:00:00","assembly","97"
"2010-07-01 00:00:00","c","1281"
"2010-07-01 00:00:00","c#","6671"
"2010-07-01 00:00:00","c++","2671"
"2010-07-01 00:00:00","delphi","333"
"2010-07-01 00:00:00","go","8"
"2010-07-01 00:00:00","java","4498"
"2010-07-01 00:00:00","javascript","3876"
"2010-07-01 00:00:00","perl","435"
"2010-07-01 00:00:00","php","4559"
"2010-07-01 00:00:00","python","2576"
"2010-07-01 00:00:00","r","233"
"2010-07-01 00:00:00","ruby","908"
"2010-07-01 00:00:00","swift","1"
"2010-08-01 00:00:00","assembly","86"
"2010-08-01 00:00:00","c","1364"
"2010-08-01 00:00:00","c#","6948"
"2010-08-01 00:00:00","c++","2622"
"2010-08-01 00:00:00","delphi","353"
"2010-08-01 00:00:00","go","13"
"2010-08-01 00:00:00","java","4692"
"2010-08-01 00:00:00","javascript","3991"
"2010-08-01 00:00:00","perl","544"
"2010-08-01 00:00:00","php","5086"
"2010-08-01 00:00:00","python","2488"
"2010-08-01 00:00:00","r","283"
"2010-08-01 00:00:00","ruby","990"
"2010-08-01 00:00:00","swift","2"
"2010-09-01 00:00:00","assembly","117"
"2010-09-01 00:00:00","c","1369"
"2010-09-01 00:00:00","c#","6400"
"2010-09-01 00:00:00","c++","2724"
"2010-09-01 00:00:00","delphi","317"
"2010-09-01 00:00:00","go","9"
"2010-09-01 00:00:00","java","4697"
"2010-09-01 00:00:00","javascript","3989"
"2010-09-01 00:00:00","perl","459"
"2010-09-01 00:00:00","php","4654"
"2010-09-01 00:00:00","python","2244"
"2010-09-01 00:00:00","r","235"
"2010-09-01 00:00:00","ruby","934"
"2010-09-01 00:00:00","swift","2"
"2010-10-01 00:00:00","assembly","123"
"2010-10-01 00:00:00","c","1437"
"2010-10-01 00:00:00","c#","6719"
"2010-10-01 00:00:00","c++","2923"
"2010-10-01 00:00:00","delphi","362"
"2010-10-01 00:00:00","go","13"
"2010-10-01 00:00:00","java","5008"
"2010-10-01 00:00:00","javascript","4097"
"2010-10-01 00:00:00","perl","495"
"2010-10-01 00:00:00","php","4468"
"2010-10-01 00:00:00","python","2666"
"2010-10-01 00:00:00","r","214"
"2010-10-01 00:00:00","ruby","924"
"2010-10-01 00:00:00","swift","1"
"2010-11-01 00:00:00","assembly","164"
"2010-11-01 00:00:00","c","1673"
"2010-11-01 00:00:00","c#","7298"
"2010-11-01 00:00:00","c++","3364"
"2010-11-01 00:00:00","delphi","389"
"2010-11-01 00:00:00","go","16"
"2010-11-01 00:00:00","java","5577"
"2010-11-01 00:00:00","javascript","4533"
"2010-11-01 00:00:00","perl","464"
"2010-11-01 00:00:00","php","5069"
"2010-11-01 00:00:00","python","2598"
"2010-11-01 00:00:00","r","241"
"2010-11-01 00:00:00","ruby","924"
"2010-11-01 00:00:00","swift","1"
"2010-12-01 00:00:00","assembly","125"
"2010-12-01 00:00:00","c","1464"
"2010-12-01 00:00:00","c#","7086"
"2010-12-01 00:00:00","c++","3126"
"2010-12-01 00:00:00","delphi","321"
"2010-12-01 00:00:00","go","18"
"2010-12-01 00:00:00","java","5654"
"2010-12-01 00:00:00","javascript","4943"
"2010-12-01 00:00:00","perl","501"
"2010-12-01 00:00:00","php","5323"
"2010-12-01 00:00:00","python","2468"
"2010-12-01 00:00:00","r","222"
"2010-12-01 00:00:00","ruby","1019"
"2010-12-01 00:00:00","swift","2"
"2011-01-01 00:00:00","assembly","133"
"2011-01-01 00:00:00","c","1456"
"2011-01-01 00:00:00","c#","7966"
"2011-01-01 00:00:00","c++","3479"
"2011-01-01 00:00:00","delphi","368"
"2011-01-01 00:00:00","go","15"
"2011-01-01 00:00:00","java","6519"
"2011-01-01 00:00:00","javascript","5407"
"2011-01-01 00:00:00","perl","473"
"2011-01-01 00:00:00","php","6358"
"2011-01-01 00:00:00","python","2894"
"2011-01-01 00:00:00","r","249"
"2011-01-01 00:00:00","ruby","1201"
"2011-01-01 00:00:00","swift","4"
"2011-02-01 00:00:00","assembly","147"
"2011-02-01 00:00:00","c","1630"
"2011-02-01 00:00:00","c#","8194"
"2011-02-01 00:00:00","c++","3431"
"2011-02-01 00:00:00","delphi","358"
"2011-02-01 00:00:00","go","16"
"2011-02-01 00:00:00","java","6845"
"2011-02-01 00:00:00","javascript","5584"
"2011-02-01 00:00:00","perl","481"
"2011-02-01 00:00:00","php","6647"
"2011-02-01 00:00:00","python","3002"
"2011-02-01 00:00:00","r","322"
"2011-02-01 00:00:00","ruby","1247"
"2011-02-01 00:00:00","swift","5"
"2011-03-01 00:00:00","assembly","193"
"2011-03-01 00:00:00","c","2105"
"2011-03-01 00:00:00","c#","9960"
"2011-03-01 00:00:00","c++","4163"
"2011-03-01 00:00:00","delphi","515"
"2011-03-01 00:00:00","go","3"
"2011-03-01 00:00:00","java","8439"
"2011-03-01 00:00:00","javascript","6737"
"2011-03-01 00:00:00","perl","604"
"2011-03-01 00:00:00","php","8024"
"2011-03-01 00:00:00","python","3738"
"2011-03-01 00:00:00","r","422"
"2011-03-01 00:00:00","ruby","1635"
"2011-03-01 00:00:00","swift","3"
"2011-04-01 00:00:00","assembly","160"
"2011-04-01 00:00:00","c","2031"
"2011-04-01 00:00:00","c#","9244"
"2011-04-01 00:00:00","c++","4154"
"2011-04-01 00:00:00","delphi","400"
"2011-04-01 00:00:00","go","7"
"2011-04-01 00:00:00","java","7878"
"2011-04-01 00:00:00","javascript","6862"
"2011-04-01 00:00:00","perl","549"
"2011-04-01 00:00:00","php","7546"
"2011-04-01 00:00:00","python","3319"
"2011-04-01 00:00:00","r","474"
"2011-04-01 00:00:00","ruby","1474"
"2011-04-01 00:00:00","swift","3"
"2011-05-01 00:00:00","assembly","158"
"2011-05-01 00:00:00","c","1824"
"2011-05-01 00:00:00","c#","9958"
"2011-05-01 00:00:00","c++","3860"
"2011-05-01 00:00:00","delphi","472"
"2011-05-01 00:00:00","go","36"
"2011-05-01 00:00:00","java","8514"
"2011-05-01 00:00:00","javascript","7281"
"2011-05-01 00:00:00","perl","580"
"2011-05-01 00:00:00","php","8024"
"2011-05-01 00:00:00","python","3508"
"2011-05-01 00:00:00","r","425"
"2011-05-01 00:00:00","ruby","1562"
"2011-05-01 00:00:00","swift","1"
"2011-06-01 00:00:00","assembly","139"
"2011-06-01 00:00:00","c","1758"
"2011-06-01 00:00:00","c#","9705"
"2011-06-01 00:00:00","c++","3790"
"2011-06-01 00:00:00","delphi","450"
"2011-06-01 00:00:00","go","34"
"2011-06-01 00:00:00","java","7855"
"2011-06-01 00:00:00","javascript","7647"
"2011-06-01 00:00:00","perl","566"
"2011-06-01 00:00:00","php","7973"
"2011-06-01 00:00:00","python","3453"
"2011-06-01 00:00:00","r","442"
"2011-06-01 00:00:00","ruby","1552"
"2011-06-01 00:00:00","swift","4"
"2011-07-01 00:00:00","assembly","140"
"2011-07-01 00:00:00","c","1654"
"2011-07-01 00:00:00","c#","9549"
"2011-07-01 00:00:00","c++","3834"
"2011-07-01 00:00:00","delphi","428"
"2011-07-01 00:00:00","go","26"
"2011-07-01 00:00:00","java","8116"
"2011-07-01 00:00:00","javascript","8069"
"2011-07-01 00:00:00","perl","657"
"2011-07-01 00:00:00","php","8576"
"2011-07-01 00:00:00","python","3644"
"2011-07-01 00:00:00","r","453"
"2011-07-01 00:00:00","ruby","1576"
"2011-07-01 00:00:00","swift","12"
"2011-08-01 00:00:00","assembly","159"
"2011-08-01 00:00:00","c","1826"
"2011-08-01 00:00:00","c#","9994"
"2011-08-01 00:00:00","c++","3940"
"2011-08-01 00:00:00","delphi","420"
"2011-08-01 00:00:00","go","40"
"2011-08-01 00:00:00","java","8618"
"2011-08-01 00:00:00","javascript","8857"
"2011-08-01 00:00:00","perl","609"
"2011-08-01 00:00:00","php","8818"
"2011-08-01 00:00:00","python","3809"
"2011-08-01 00:00:00","r","586"
"2011-08-01 00:00:00","ruby","1846"
"2011-08-01 00:00:00","swift","8"
"2011-09-01 00:00:00","assembly","154"
"2011-09-01 00:00:00","c","1911"
"2011-09-01 00:00:00","c#","9227"
"2011-09-01 00:00:00","c++","3922"
"2011-09-01 00:00:00","delphi","413"
"2011-09-01 00:00:00","go","26"
"2011-09-01 00:00:00","java","8272"
"2011-09-01 00:00:00","javascript","8123"
"2011-09-01 00:00:00","perl","500"
"2011-09-01 00:00:00","php","7957"
"2011-09-01 00:00:00","python","3501"
"2011-09-01 00:00:00","r","611"
"2011-09-01 00:00:00","ruby","1541"
"2011-09-01 00:00:00","swift","6"
"2011-10-01 00:00:00","assembly","212"
"2011-10-01 00:00:00","c","2136"
"2011-10-01 00:00:00","c#","9140"
"2011-10-01 00:00:00","c++","4326"
"2011-10-01 00:00:00","delphi","463"
"2011-10-01 00:00:00","go","39"
"2011-10-01 00:00:00","java","8484"
"2011-10-01 00:00:00","javascript","7965"
"2011-10-01 00:00:00","perl","554"
"2011-10-01 00:00:00","php","7947"
"2011-10-01 00:00:00","python","3594"
"2011-10-01 00:00:00","r","618"
"2011-10-01 00:00:00","ruby","1598"
"2011-10-01 00:00:00","swift","6"
"2011-11-01 00:00:00","assembly","211"
"2011-11-01 00:00:00","c","2193"
"2011-11-01 00:00:00","c#","9830"
"2011-11-01 00:00:00","c++","4443"
"2011-11-01 00:00:00","delphi","504"
"2011-11-01 00:00:00","go","65"
"2011-11-01 00:00:00","java","9561"
"2011-11-01 00:00:00","javascript","8583"
"2011-11-01 00:00:00","perl","601"
"2011-11-01 00:00:00","php","8570"
"2011-11-01 00:00:00","python","3848"
"2011-11-01 00:00:00","r","605"
"2011-11-01 00:00:00","ruby","1729"
"2011-11-01 00:00:00","swift","4"
"2011-12-01 00:00:00","assembly","227"
"2011-12-01 00:00:00","c","1995"
"2011-12-01 00:00:00","c#","9233"
"2011-12-01 00:00:00","c++","4321"
"2011-12-01 00:00:00","delphi","570"
"2011-12-01 00:00:00","go","52"
"2011-12-01 00:00:00","java","9103"
"2011-12-01 00:00:00","javascript","8252"
"2011-12-01 00:00:00","perl","536"
"2011-12-01 00:00:00","php","8247"
"2011-12-01 00:00:00","python","3596"
"2011-12-01 00:00:00","r","612"
"2011-12-01 00:00:00","ruby","1664"
"2011-12-01 00:00:00","swift","2"
"2012-01-01 00:00:00","assembly","169"
"2012-01-01 00:00:00","c","2211"
"2012-01-01 00:00:00","c#","10298"
"2012-01-01 00:00:00","c++","4507"
"2012-01-01 00:00:00","delphi","507"
"2012-01-01 00:00:00","go","37"
"2012-01-01 00:00:00","java","10045"
"2012-01-01 00:00:00","javascript","9513"
"2012-01-01 00:00:00","perl","560"
"2012-01-01 00:00:00","php","9139"
"2012-01-01 00:00:00","python","4166"
"2012-01-01 00:00:00","r","689"
"2012-01-01 00:00:00","ruby","1880"
"2012-01-01 00:00:00","swift","6"
"2012-02-01 00:00:00","assembly","229"
"2012-02-01 00:00:00","c","2388"
"2012-02-01 00:00:00","c#","10650"
"2012-02-01 00:00:00","c++","5065"
"2012-02-01 00:00:00","delphi","471"
"2012-02-01 00:00:00","go","31"
"2012-02-01 00:00:00","java","10842"
"2012-02-01 00:00:00","javascript","9872"
"2012-02-01 00:00:00","perl","610"
"2012-02-01 00:00:00","php","9769"
"2012-02-01 00:00:00","python","4467"
"2012-02-01 00:00:00","r","811"
"2012-02-01 00:00:00","ruby","2028"
"2012-02-01 00:00:00","swift","9"
"2012-03-01 00:00:00","assembly","260"
"2012-03-01 00:00:00","c","2699"
"2012-03-01 00:00:00","c#","11451"
"2012-03-01 00:00:00","c++","5180"
"2012-03-01 00:00:00","delphi","492"
"2012-03-01 00:00:00","go","47"
"2012-03-01 00:00:00","java","12240"
"2012-03-01 00:00:00","javascript","10593"
"2012-03-01 00:00:00","perl","608"
"2012-03-01 00:00:00","php","10711"
"2012-03-01 00:00:00","python","4988"
"2012-03-01 00:00:00","r","887"
"2012-03-01 00:00:00","ruby","2172"
"2012-03-01 00:00:00","swift","4"
"2012-04-01 00:00:00","assembly","276"
"2012-04-01 00:00:00","c","2656"
"2012-04-01 00:00:00","c#","10961"
"2012-04-01 00:00:00","c++","5256"
"2012-04-01 00:00:00","delphi","479"
"2012-04-01 00:00:00","go","69"
"2012-04-01 00:00:00","java","11884"
"2012-04-01 00:00:00","javascript","10548"
"2012-04-01 00:00:00","perl","594"
"2012-04-01 00:00:00","php","10208"
"2012-04-01 00:00:00","python","4873"
"2012-04-01 00:00:00","r","836"
"2012-04-01 00:00:00","ruby","1946"
"2012-04-01 00:00:00","swift","5"
"2012-05-01 00:00:00","assembly","225"
"2012-05-01 00:00:00","c","2456"
"2012-05-01 00:00:00","c#","11392"
"2012-05-01 00:00:00","c++","4933"
"2012-05-01 00:00:00","delphi","473"
"2012-05-01 00:00:00","go","69"
"2012-05-01 00:00:00","java","12026"
"2012-05-01 00:00:00","javascript","11375"
"2012-05-01 00:00:00","perl","639"
"2012-05-01 00:00:00","php","10768"
"2012-05-01 00:00:00","python","5041"
"2012-05-01 00:00:00","r","868"
"2012-05-01 00:00:00","ruby","1950"
"2012-05-01 00:00:00","swift","7"
"2012-06-01 00:00:00","assembly","200"
"2012-06-01 00:00:00","c","2292"
"2012-06-01 00:00:00","c#","11210"
"2012-06-01 00:00:00","c++","4604"
"2012-06-01 00:00:00","delphi","415"
"2012-06-01 00:00:00","go","71"
"2012-06-01 00:00:00","java","10980"
"2012-06-01 00:00:00","javascript","11122"
"2012-06-01 00:00:00","perl","735"
"2012-06-01 00:00:00","php","10386"
"2012-06-01 00:00:00","python","5222"
"2012-06-01 00:00:00","r","964"
"2012-06-01 00:00:00","ruby","1877"
"2012-06-01 00:00:00","swift","4"
"2012-07-01 00:00:00","assembly","199"
"2012-07-01 00:00:00","c","2353"
"2012-07-01 00:00:00","c#","12206"
"2012-07-01 00:00:00","c++","5236"
"2012-07-01 00:00:00","delphi","435"
"2012-07-01 00:00:00","go","76"
"2012-07-01 00:00:00","java","12147"
"2012-07-01 00:00:00","javascript","12225"
"2012-07-01 00:00:00","perl","661"
"2012-07-01 00:00:00","php","11566"
"2012-07-01 00:00:00","python","5696"
"2012-07-01 00:00:00","r","1110"
"2012-07-01 00:00:00","ruby","2052"
"2012-07-01 00:00:00","swift","9"
"2012-08-01 00:00:00","assembly","189"
"2012-08-01 00:00:00","c","2309"
"2012-08-01 00:00:00","c#","11878"
"2012-08-01 00:00:00","c++","5129"
"2012-08-01 00:00:00","delphi","402"
"2012-08-01 00:00:00","go","72"
"2012-08-01 00:00:00","java","12176"
"2012-08-01 00:00:00","javascript","12351"
"2012-08-01 00:00:00","perl","758"
"2012-08-01 00:00:00","php","11734"
"2012-08-01 00:00:00","python","5837"
"2012-08-01 00:00:00","r","1084"
"2012-08-01 00:00:00","ruby","2050"
"2012-08-01 00:00:00","swift","5"
"2012-09-01 00:00:00","assembly","220"
"2012-09-01 00:00:00","c","2514"
"2012-09-01 00:00:00","c#","11205"
"2012-09-01 00:00:00","c++","4871"
"2012-09-01 00:00:00","delphi","382"
"2012-09-01 00:00:00","go","129"
"2012-09-01 00:00:00","java","11531"
"2012-09-01 00:00:00","javascript","11103"
"2012-09-01 00:00:00","perl","661"
"2012-09-01 00:00:00","php","10846"
"2012-09-01 00:00:00","python","5224"
"2012-09-01 00:00:00","r","1056"
"2012-09-01 00:00:00","ruby","1949"
"2012-09-01 00:00:00","swift","7"
"2012-10-01 00:00:00","assembly","313"
"2012-10-01 00:00:00","c","3143"
"2012-10-01 00:00:00","c#","12634"
"2012-10-01 00:00:00","c++","5879"
"2012-10-01 00:00:00","delphi","475"
"2012-10-01 00:00:00","go","101"
"2012-10-01 00:00:00","java","13390"
"2012-10-01 00:00:00","javascript","12330"
"2012-10-01 00:00:00","perl","681"
"2012-10-01 00:00:00","php","11637"
"2012-10-01 00:00:00","python","6105"
"2012-10-01 00:00:00","r","1263"
"2012-10-01 00:00:00","ruby","2244"
"2012-10-01 00:00:00","swift","4"
"2012-11-01 00:00:00","assembly","302"
"2012-11-01 00:00:00","c","3173"
"2012-11-01 00:00:00","c#","12167"
"2012-11-01 00:00:00","c++","6237"
"2012-11-01 00:00:00","delphi","440"
"2012-11-01 00:00:00","go","102"
"2012-11-01 00:00:00","java","13496"
"2012-11-01 00:00:00","javascript","12262"
"2012-11-01 00:00:00","perl","636"
"2012-11-01 00:00:00","php","11666"
"2012-11-01 00:00:00","python","6367"
"2012-11-01 00:00:00","r","1341"
"2012-11-01 00:00:00","ruby","2122"
"2012-11-01 00:00:00","swift","4"
"2012-12-01 00:00:00","assembly","259"
"2012-12-01 00:00:00","c","2552"
"2012-12-01 00:00:00","c#","10876"
"2012-12-01 00:00:00","c++","5651"
"2012-12-01 00:00:00","delphi","425"
"2012-12-01 00:00:00","go","112"
"2012-12-01 00:00:00","java","12323"
"2012-12-01 00:00:00","javascript","11662"
"2012-12-01 00:00:00","perl","550"
"2012-12-01 00:00:00","php","10944"
"2012-12-01 00:00:00","python","5718"
"2012-12-01 00:00:00","r","1204"
"2012-12-01 00:00:00","ruby","1899"
"2012-12-01 00:00:00","swift","4"
"2013-01-01 00:00:00","assembly","290"
"2013-01-01 00:00:00","c","2889"
"2013-01-01 00:00:00","c#","12678"
"2013-01-01 00:00:00","c++","6003"
"2013-01-01 00:00:00","delphi","480"
"2013-01-01 00:00:00","go","100"
"2013-01-01 00:00:00","java","13611"
"2013-01-01 00:00:00","javascript","13705"
"2013-01-01 00:00:00","perl","659"
"2013-01-01 00:00:00","php","12768"
"2013-01-01 00:00:00","python","6519"
"2013-01-01 00:00:00","r","1503"
"2013-01-01 00:00:00","ruby","2292"
"2013-01-01 00:00:00","swift","5"
"2013-02-01 00:00:00","assembly","324"
"2013-02-01 00:00:00","c","3081"
"2013-02-01 00:00:00","c#","12423"
"2013-02-01 00:00:00","c++","6028"
"2013-02-01 00:00:00","delphi","443"
"2013-02-01 00:00:00","go","117"
"2013-02-01 00:00:00","java","13592"
"2013-02-01 00:00:00","javascript","13552"
"2013-02-01 00:00:00","perl","744"
"2013-02-01 00:00:00","php","12428"
"2013-02-01 00:00:00","python","6692"
"2013-02-01 00:00:00","r","1652"
"2013-02-01 00:00:00","ruby","2208"
"2013-02-01 00:00:00","swift","6"
"2013-03-01 00:00:00","assembly","366"
"2013-03-01 00:00:00","c","3407"
"2013-03-01 00:00:00","c#","14159"
"2013-03-01 00:00:00","c++","7139"
"2013-03-01 00:00:00","delphi","519"
"2013-03-01 00:00:00","go","126"
"2013-03-01 00:00:00","java","15795"
"2013-03-01 00:00:00","javascript","15190"
"2013-03-01 00:00:00","perl","849"
"2013-03-01 00:00:00","php","13977"
"2013-03-01 00:00:00","python","7571"
"2013-03-01 00:00:00","r","1834"
"2013-03-01 00:00:00","ruby","2548"
"2013-03-01 00:00:00","swift","5"
"2013-04-01 00:00:00","assembly","328"
"2013-04-01 00:00:00","c","3508"
"2013-04-01 00:00:00","c#","13786"
"2013-04-01 00:00:00","c++","7067"
"2013-04-01 00:00:00","delphi","504"
"2013-04-01 00:00:00","go","125"
"2013-04-01 00:00:00","java","16075"
"2013-04-01 00:00:00","javascript","15207"
"2013-04-01 00:00:00","perl","836"
"2013-04-01 00:00:00","php","13269"
"2013-04-01 00:00:00","python","7873"
"2013-04-01 00:00:00","r","1825"
"2013-04-01 00:00:00","ruby","2455"
"2013-04-01 00:00:00","swift","6"
"2013-05-01 00:00:00","assembly","298"
"2013-05-01 00:00:00","c","3170"
"2013-05-01 00:00:00","c#","13335"
"2013-05-01 00:00:00","c++","6774"
"2013-05-01 00:00:00","delphi","524"
"2013-05-01 00:00:00","go","141"
"2013-05-01 00:00:00","java","15104"
"2013-05-01 00:00:00","javascript","14935"
"2013-05-01 00:00:00","perl","900"
"2013-05-01 00:00:00","php","12929"
"2013-05-01 00:00:00","python","7758"
"2013-05-01 00:00:00","r","1767"
"2013-05-01 00:00:00","ruby","2331"
"2013-05-01 00:00:00","swift","2"
"2013-06-01 00:00:00","assembly","291"
"2013-06-01 00:00:00","c","2919"
"2013-06-01 00:00:00","c#","12659"
"2013-06-01 00:00:00","c++","6153"
"2013-06-01 00:00:00","delphi","472"
"2013-06-01 00:00:00","go","175"
"2013-06-01 00:00:00","java","13781"
"2013-06-01 00:00:00","javascript","14467"
"2013-06-01 00:00:00","perl","825"
"2013-06-01 00:00:00","php","12583"
"2013-06-01 00:00:00","python","7543"
"2013-06-01 00:00:00","r","1754"
"2013-06-01 00:00:00","ruby","2209"
"2013-06-01 00:00:00","swift","4"
"2013-07-01 00:00:00","assembly","294"
"2013-07-01 00:00:00","c","2980"
"2013-07-01 00:00:00","c#","14021"
"2013-07-01 00:00:00","c++","6531"
"2013-07-01 00:00:00","delphi","500"
"2013-07-01 00:00:00","go","200"
"2013-07-01 00:00:00","java","14995"
"2013-07-01 00:00:00","javascript","16666"
"2013-07-01 00:00:00","perl","949"
"2013-07-01 00:00:00","php","14140"
"2013-07-01 00:00:00","python","8550"
"2013-07-01 00:00:00","r","1952"
"2013-07-01 00:00:00","ruby","2427"
"2013-07-01 00:00:00","swift","7"
"2013-08-01 00:00:00","assembly","210"
"2013-08-01 00:00:00","c","2987"
"2013-08-01 00:00:00","c#","13724"
"2013-08-01 00:00:00","c++","6200"
"2013-08-01 00:00:00","delphi","446"
"2013-08-01 00:00:00","go","206"
"2013-08-01 00:00:00","java","14885"
"2013-08-01 00:00:00","javascript","16690"
"2013-08-01 00:00:00","perl","830"
"2013-08-01 00:00:00","php","14152"
"2013-08-01 00:00:00","python","7889"
"2013-08-01 00:00:00","r","1904"
"2013-08-01 00:00:00","ruby","2469"
"2013-08-01 00:00:00","swift","4"
"2013-09-01 00:00:00","assembly","287"
"2013-09-01 00:00:00","c","3358"
"2013-09-01 00:00:00","c#","13613"
"2013-09-01 00:00:00","c++","6470"
"2013-09-01 00:00:00","delphi","484"
"2013-09-01 00:00:00","go","237"
"2013-09-01 00:00:00","java","16067"
"2013-09-01 00:00:00","javascript","17523"
"2013-09-01 00:00:00","perl","683"
"2013-09-01 00:00:00","php","14057"
"2013-09-01 00:00:00","python","7892"
"2013-09-01 00:00:00","r","1696"
"2013-09-01 00:00:00","ruby","2375"
"2013-09-01 00:00:00","swift","9"
"2013-10-01 00:00:00","assembly","373"
"2013-10-01 00:00:00","c","4208"
"2013-10-01 00:00:00","c#","15048"
"2013-10-01 00:00:00","c++","7891"
"2013-10-01 00:00:00","delphi","515"
"2013-10-01 00:00:00","go","210"
"2013-10-01 00:00:00","java","18509"
"2013-10-01 00:00:00","javascript","19535"
"2013-10-01 00:00:00","perl","808"
"2013-10-01 00:00:00","php","15119"
"2013-10-01 00:00:00","python","9410"
"2013-10-01 00:00:00","r","2070"
"2013-10-01 00:00:00","ruby","2780"
"2013-10-01 00:00:00","swift","10"
"2013-11-01 00:00:00","assembly","415"
"2013-11-01 00:00:00","c","4243"
"2013-11-01 00:00:00","c#","14440"
"2013-11-01 00:00:00","c++","8039"
"2013-11-01 00:00:00","delphi","454"
"2013-11-01 00:00:00","go","209"
"2013-11-01 00:00:00","java","18506"
"2013-11-01 00:00:00","javascript","18299"
"2013-11-01 00:00:00","perl","812"
"2013-11-01 00:00:00","php","14627"
"2013-11-01 00:00:00","python","9416"
"2013-11-01 00:00:00","r","2165"
"2013-11-01 00:00:00","ruby","2565"
"2013-11-01 00:00:00","swift","5"
"2013-12-01 00:00:00","assembly","351"
"2013-12-01 00:00:00","c","3477"
"2013-12-01 00:00:00","c#","13488"
"2013-12-01 00:00:00","c++","6934"
"2013-12-01 00:00:00","delphi","442"
"2013-12-01 00:00:00","go","240"
"2013-12-01 00:00:00","java","17249"
"2013-12-01 00:00:00","javascript","17857"
"2013-12-01 00:00:00","perl","758"
"2013-12-01 00:00:00","php","14203"
"2013-12-01 00:00:00","python","8362"
"2013-12-01 00:00:00","r","1900"
"2013-12-01 00:00:00","ruby","2425"
"2013-12-01 00:00:00","swift","10"
"2014-01-01 00:00:00","assembly","334"
"2014-01-01 00:00:00","c","3695"
"2014-01-01 00:00:00","c#","15187"
"2014-01-01 00:00:00","c++","7602"
"2014-01-01 00:00:00","delphi","479"
"2014-01-01 00:00:00","go","300"
"2014-01-01 00:00:00","java","18480"
"2014-01-01 00:00:00","javascript","20905"
"2014-01-01 00:00:00","perl","803"
"2014-01-01 00:00:00","php","16546"
"2014-01-01 00:00:00","python","9766"
"2014-01-01 00:00:00","r","2328"
"2014-01-01 00:00:00","ruby","2744"
"2014-01-01 00:00:00","swift","6"
"2014-02-01 00:00:00","assembly","372"
"2014-02-01 00:00:00","c","3941"
"2014-02-01 00:00:00","c#","14983"
"2014-02-01 00:00:00","c++","7581"
"2014-02-01 00:00:00","delphi","490"
"2014-02-01 00:00:00","go","203"
"2014-02-01 00:00:00","java","19014"
"2014-02-01 00:00:00","javascript","20932"
"2014-02-01 00:00:00","perl","786"
"2014-02-01 00:00:00","php","16275"
"2014-02-01 00:00:00","python","9809"
"2014-02-01 00:00:00","r","2603"
"2014-02-01 00:00:00","ruby","2583"
"2014-02-01 00:00:00","swift","12"
"2014-03-01 00:00:00","assembly","446"
"2014-03-01 00:00:00","c","4521"
"2014-03-01 00:00:00","c#","16007"
"2014-03-01 00:00:00","c++","8580"
"2014-03-01 00:00:00","delphi","439"
"2014-03-01 00:00:00","go","254"
"2014-03-01 00:00:00","java","21693"
"2014-03-01 00:00:00","javascript","22443"
"2014-03-01 00:00:00","perl","903"
"2014-03-01 00:00:00","php","18067"
"2014-03-01 00:00:00","python","11323"
"2014-03-01 00:00:00","r","2780"
"2014-03-01 00:00:00","ruby","2932"
"2014-03-01 00:00:00","swift","5"
"2014-04-01 00:00:00","assembly","358"
"2014-04-01 00:00:00","c","3962"
"2014-04-01 00:00:00","c#","15136"
"2014-04-01 00:00:00","c++","8047"
"2014-04-01 00:00:00","delphi","384"
"2014-04-01 00:00:00","go","340"
"2014-04-01 00:00:00","java","20584"
"2014-04-01 00:00:00","javascript","21209"
"2014-04-01 00:00:00","perl","819"
"2014-04-01 00:00:00","php","17381"
"2014-04-01 00:00:00","python","10651"
"2014-04-01 00:00:00","r","2708"
"2014-04-01 00:00:00","ruby","2734"
"2014-04-01 00:00:00","swift","4"
"2014-05-01 00:00:00","assembly","325"
"2014-05-01 00:00:00","c","3218"
"2014-05-01 00:00:00","c#","13731"
"2014-05-01 00:00:00","c++","6688"
"2014-05-01 00:00:00","delphi","467"
"2014-05-01 00:00:00","go","278"
"2014-05-01 00:00:00","java","17695"
"2014-05-01 00:00:00","javascript","19526"
"2014-05-01 00:00:00","perl","792"
"2014-05-01 00:00:00","php","14499"
"2014-05-01 00:00:00","python","9129"
"2014-05-01 00:00:00","r","2562"
"2014-05-01 00:00:00","ruby","2658"
"2014-05-01 00:00:00","swift","9"
"2014-06-01 00:00:00","assembly","262"
"2014-06-01 00:00:00","c","2740"
"2014-06-01 00:00:00","c#","12326"
"2014-06-01 00:00:00","c++","5578"
"2014-06-01 00:00:00","delphi","413"
"2014-06-01 00:00:00","go","288"
"2014-06-01 00:00:00","java","15685"
"2014-06-01 00:00:00","javascript","18051"
"2014-06-01 00:00:00","perl","674"
"2014-06-01 00:00:00","php","12769"
"2014-06-01 00:00:00","python","8803"
"2014-06-01 00:00:00","r","2377"
"2014-06-01 00:00:00","ruby","2321"
"2014-06-01 00:00:00","swift","2379"
"2014-07-01 00:00:00","assembly","212"
"2014-07-01 00:00:00","c","2804"
"2014-07-01 00:00:00","c#","13489"
"2014-07-01 00:00:00","c++","6180"
"2014-07-01 00:00:00","delphi","441"
"2014-07-01 00:00:00","go","450"
"2014-07-01 00:00:00","java","17149"
"2014-07-01 00:00:00","javascript","19870"
"2014-07-01 00:00:00","perl","732"
"2014-07-01 00:00:00","php","14051"
"2014-07-01 00:00:00","python","9820"
"2014-07-01 00:00:00","r","2610"
"2014-07-01 00:00:00","ruby","2544"
"2014-07-01 00:00:00","swift","1627"
"2014-08-01 00:00:00","assembly","183"
"2014-08-01 00:00:00","c","2658"
"2014-08-01 00:00:00","c#","12346"
"2014-08-01 00:00:00","c++","5809"
"2014-08-01 00:00:00","delphi","419"
"2014-08-01 00:00:00","go","405"
"2014-08-01 00:00:00","java","15533"
"2014-08-01 00:00:00","javascript","18233"
"2014-08-01 00:00:00","perl","683"
"2014-08-01 00:00:00","php","13013"
"2014-08-01 00:00:00","python","9037"
"2014-08-01 00:00:00","r","2445"
"2014-08-01 00:00:00","ruby","2450"
"2014-08-01 00:00:00","swift","1682"
"2014-09-01 00:00:00","assembly","272"
"2014-09-01 00:00:00","c","3207"
"2014-09-01 00:00:00","c#","12197"
"2014-09-01 00:00:00","c++","6115"
"2014-09-01 00:00:00","delphi","441"
"2014-09-01 00:00:00","go","389"
"2014-09-01 00:00:00","java","16465"
"2014-09-01 00:00:00","javascript","17923"
"2014-09-01 00:00:00","perl","678"
"2014-09-01 00:00:00","php","13158"
"2014-09-01 00:00:00","python","8682"
"2014-09-01 00:00:00","r","2347"
"2014-09-01 00:00:00","ruby","2259"
"2014-09-01 00:00:00","swift","1885"
"2014-10-01 00:00:00","assembly","382"
"2014-10-01 00:00:00","c","3768"
"2014-10-01 00:00:00","c#","12427"
"2014-10-01 00:00:00","c++","6753"
"2014-10-01 00:00:00","delphi","405"
"2014-10-01 00:00:00","go","378"
"2014-10-01 00:00:00","java","17681"
"2014-10-01 00:00:00","javascript","18755"
"2014-10-01 00:00:00","perl","637"
"2014-10-01 00:00:00","php","13383"
"2014-10-01 00:00:00","python","9506"
"2014-10-01 00:00:00","r","2751"
"2014-10-01 00:00:00","ruby","2333"
"2014-10-01 00:00:00","swift","2447"
"2014-11-01 00:00:00","assembly","373"
"2014-11-01 00:00:00","c","3628"
"2014-11-01 00:00:00","c#","11748"
"2014-11-01 00:00:00","c++","6490"
"2014-11-01 00:00:00","delphi","422"
"2014-11-01 00:00:00","go","335"
"2014-11-01 00:00:00","java","17645"
"2014-11-01 00:00:00","javascript","17817"
"2014-11-01 00:00:00","perl","655"
"2014-11-01 00:00:00","php","12865"
"2014-11-01 00:00:00","python","9503"
"2014-11-01 00:00:00","r","2687"
"2014-11-01 00:00:00","ruby","2105"
"2014-11-01 00:00:00","swift","2540"
"2014-12-01 00:00:00","assembly","316"
"2014-12-01 00:00:00","c","3135"
"2014-12-01 00:00:00","c#","10978"
"2014-12-01 00:00:00","c++","6018"
"2014-12-01 00:00:00","delphi","311"
"2014-12-01 00:00:00","go","349"
"2014-12-01 00:00:00","java","16194"
"2014-12-01 00:00:00","javascript","16844"
"2014-12-01 00:00:00","perl","564"
"2014-12-01 00:00:00","php","12160"
"2014-12-01 00:00:00","python","8983"
"2014-12-01 00:00:00","r","2343"
"2014-12-01 00:00:00","ruby","2136"
"2014-12-01 00:00:00","swift","2469"
"2015-01-01 00:00:00","assembly","332"
"2015-01-01 00:00:00","c","3194"
"2015-01-01 00:00:00","c#","11647"
"2015-01-01 00:00:00","c++","6078"
"2015-01-01 00:00:00","delphi","375"
"2015-01-01 00:00:00","go","467"
"2015-01-01 00:00:00","java","16386"
"2015-01-01 00:00:00","javascript","18388"
"2015-01-01 00:00:00","perl","587"
"2015-01-01 00:00:00","php","13444"
"2015-01-01 00:00:00","python","9612"
"2015-01-01 00:00:00","r","2663"
"2015-01-01 00:00:00","ruby","2409"
"2015-01-01 00:00:00","swift","3033"
"2015-02-01 00:00:00","assembly","352"
"2015-02-01 00:00:00","c","3348"
"2015-02-01 00:00:00","c#","11713"
"2015-02-01 00:00:00","c++","6420"
"2015-02-01 00:00:00","delphi","407"
"2015-02-01 00:00:00","go","379"
"2015-02-01 00:00:00","java","16600"
"2015-02-01 00:00:00","javascript","18512"
"2015-02-01 00:00:00","perl","559"
"2015-02-01 00:00:00","php","13370"
"2015-02-01 00:00:00","python","10133"
"2015-02-01 00:00:00","r","2945"
"2015-02-01 00:00:00","ruby","2250"
"2015-02-01 00:00:00","swift","3220"
"2015-03-01 00:00:00","assembly","375"
"2015-03-01 00:00:00","c","3898"
"2015-03-01 00:00:00","c#","13159"
"2015-03-01 00:00:00","c++","7331"
"2015-03-01 00:00:00","delphi","401"
"2015-03-01 00:00:00","go","467"
"2015-03-01 00:00:00","java","19584"
"2015-03-01 00:00:00","javascript","20363"
"2015-03-01 00:00:00","perl","627"
"2015-03-01 00:00:00","php","14767"
"2015-03-01 00:00:00","python","11501"
"2015-03-01 00:00:00","r","3543"
"2015-03-01 00:00:00","ruby","2451"
"2015-03-01 00:00:00","swift","3576"
"2015-04-01 00:00:00","assembly","430"
"2015-04-01 00:00:00","c","3929"
"2015-04-01 00:00:00","c#","12978"
"2015-04-01 00:00:00","c++","7085"
"2015-04-01 00:00:00","delphi","383"
"2015-04-01 00:00:00","go","385"
"2015-04-01 00:00:00","java","19636"
"2015-04-01 00:00:00","javascript","20759"
"2015-04-01 00:00:00","perl","573"
"2015-04-01 00:00:00","php","14782"
"2015-04-01 00:00:00","python","11342"
"2015-04-01 00:00:00","r","3297"
"2015-04-01 00:00:00","ruby","2491"
"2015-04-01 00:00:00","swift","3994"
"2015-05-01 00:00:00","assembly","364"
"2015-05-01 00:00:00","c","3502"
"2015-05-01 00:00:00","c#","13252"
"2015-05-01 00:00:00","c++","6760"
"2015-05-01 00:00:00","delphi","397"
"2015-05-01 00:00:00","go","395"
"2015-05-01 00:00:00","java","18367"
"2015-05-01 00:00:00","javascript","21985"
"2015-05-01 00:00:00","perl","524"
"2015-05-01 00:00:00","php","14409"
"2015-05-01 00:00:00","python","11141"
"2015-05-01 00:00:00","r","3402"
"2015-05-01 00:00:00","ruby","2497"
"2015-05-01 00:00:00","swift","3776"
"2015-06-01 00:00:00","assembly","262"
"2015-06-01 00:00:00","c","3145"
"2015-06-01 00:00:00","c#","13417"
"2015-06-01 00:00:00","c++","6455"
"2015-06-01 00:00:00","delphi","383"
"2015-06-01 00:00:00","go","420"
"2015-06-01 00:00:00","java","17663"
"2015-06-01 00:00:00","javascript","22412"
"2015-06-01 00:00:00","perl","567"
"2015-06-01 00:00:00","php","14175"
"2015-06-01 00:00:00","python","11686"
"2015-06-01 00:00:00","r","3395"
"2015-06-01 00:00:00","ruby","2565"
"2015-06-01 00:00:00","swift","4301"
"2015-07-01 00:00:00","assembly","259"
"2015-07-01 00:00:00","c","2796"
"2015-07-01 00:00:00","c#","14017"
"2015-07-01 00:00:00","c++","6656"
"2015-07-01 00:00:00","delphi","384"
"2015-07-01 00:00:00","go","464"
"2015-07-01 00:00:00","java","18532"
"2015-07-01 00:00:00","javascript","23799"
"2015-07-01 00:00:00","perl","577"
"2015-07-01 00:00:00","php","15215"
"2015-07-01 00:00:00","python","12233"
"2015-07-01 00:00:00","r","3959"
"2015-07-01 00:00:00","ruby","2577"
"2015-07-01 00:00:00","swift","5125"
"2015-08-01 00:00:00","assembly","218"
"2015-08-01 00:00:00","c","2564"
"2015-08-01 00:00:00","c#","13146"
"2015-08-01 00:00:00","c++","5839"
"2015-08-01 00:00:00","delphi","382"
"2015-08-01 00:00:00","go","445"
"2015-08-01 00:00:00","java","16949"
"2015-08-01 00:00:00","javascript","22005"
"2015-08-01 00:00:00","perl","551"
"2015-08-01 00:00:00","php","14099"
"2015-08-01 00:00:00","python","11155"
"2015-08-01 00:00:00","r","3472"
"2015-08-01 00:00:00","ruby","2305"
"2015-08-01 00:00:00","swift","5066"
"2015-09-01 00:00:00","assembly","254"
"2015-09-01 00:00:00","c","3072"
"2015-09-01 00:00:00","c#","12846"
"2015-09-01 00:00:00","c++","5878"
"2015-09-01 00:00:00","delphi","355"
"2015-09-01 00:00:00","go","415"
"2015-09-01 00:00:00","java","16801"
"2015-09-01 00:00:00","javascript","21259"
"2015-09-01 00:00:00","perl","464"
"2015-09-01 00:00:00","php","13370"
"2015-09-01 00:00:00","python","10894"
"2015-09-01 00:00:00","r","3311"
"2015-09-01 00:00:00","ruby","2151"
"2015-09-01 00:00:00","swift","4526"
"2015-10-01 00:00:00","assembly","425"
"2015-10-01 00:00:00","c","3659"
"2015-10-01 00:00:00","c#","12708"
"2015-10-01 00:00:00","c++","6999"
"2015-10-01 00:00:00","delphi","420"
"2015-10-01 00:00:00","go","421"
"2015-10-01 00:00:00","java","18360"
"2015-10-01 00:00:00","javascript","21659"
"2015-10-01 00:00:00","perl","495"
"2015-10-01 00:00:00","php","13775"
"2015-10-01 00:00:00","python","12405"
"2015-10-01 00:00:00","r","3643"
"2015-10-01 00:00:00","ruby","2184"
"2015-10-01 00:00:00","swift","4276"
"2015-11-01 00:00:00","assembly","398"
"2015-11-01 00:00:00","c","3590"
"2015-11-01 00:00:00","c#","12299"
"2015-11-01 00:00:00","c++","7043"
"2015-11-01 00:00:00","delphi","386"
"2015-11-01 00:00:00","go","431"
"2015-11-01 00:00:00","java","17636"
"2015-11-01 00:00:00","javascript","21114"
"2015-11-01 00:00:00","perl","463"
"2015-11-01 00:00:00","php","13160"
"2015-11-01 00:00:00","python","12206"
"2015-11-01 00:00:00","r","3511"
"2015-11-01 00:00:00","ruby","1952"
"2015-11-01 00:00:00","swift","4301"
"2015-12-01 00:00:00","assembly","350"
"2015-12-01 00:00:00","c","3075"
"2015-12-01 00:00:00","c#","12055"
"2015-12-01 00:00:00","c++","6517"
"2015-12-01 00:00:00","delphi","314"
"2015-12-01 00:00:00","go","415"
"2015-12-01 00:00:00","java","16401"
"2015-12-01 00:00:00","javascript","20933"
"2015-12-01 00:00:00","perl","477"
"2015-12-01 00:00:00","php","13566"
"2015-12-01 00:00:00","python","11576"
"2015-12-01 00:00:00","r","3162"
"2015-12-01 00:00:00","ruby","2022"
"2015-12-01 00:00:00","swift","4355"
"2016-01-01 00:00:00","assembly","245"
"2016-01-01 00:00:00","c","3026"
"2016-01-01 00:00:00","c#","12291"
"2016-01-01 00:00:00","c++","6067"
"2016-01-01 00:00:00","delphi","317"
"2016-01-01 00:00:00","go","494"
"2016-01-01 00:00:00","java","16499"
"2016-01-01 00:00:00","javascript","22380"
"2016-01-01 00:00:00","perl","445"
"2016-01-01 00:00:00","php","14388"
"2016-01-01 00:00:00","python","12273"
"2016-01-01 00:00:00","r","3515"
"2016-01-01 00:00:00","ruby","2138"
"2016-01-01 00:00:00","swift","4761"
"2016-02-01 00:00:00","assembly","342"
"2016-02-01 00:00:00","c","3254"
"2016-02-01 00:00:00","c#","12649"
"2016-02-01 00:00:00","c++","6519"
"2016-02-01 00:00:00","delphi","354"
"2016-02-01 00:00:00","go","539"
"2016-02-01 00:00:00","java","17709"
"2016-02-01 00:00:00","javascript","22322"
"2016-02-01 00:00:00","perl","500"
"2016-02-01 00:00:00","php","14726"
"2016-02-01 00:00:00","python","13181"
"2016-02-01 00:00:00","r","3565"
"2016-02-01 00:00:00","ruby","2244"
"2016-02-01 00:00:00","swift","4727"
"2016-03-01 00:00:00","assembly","429"
"2016-03-01 00:00:00","c","3419"
"2016-03-01 00:00:00","c#","13519"
"2016-03-01 00:00:00","c++","6970"
"2016-03-01 00:00:00","delphi","337"
"2016-03-01 00:00:00","go","591"
"2016-03-01 00:00:00","java","19711"
"2016-03-01 00:00:00","javascript","23922"
"2016-03-01 00:00:00","perl","467"
"2016-03-01 00:00:00","php","14967"
"2016-03-01 00:00:00","python","13984"
"2016-03-01 00:00:00","r","4028"
"2016-03-01 00:00:00","ruby","2252"
"2016-03-01 00:00:00","swift","5049"
"2016-04-01 00:00:00","assembly","407"
"2016-04-01 00:00:00","c","3338"
"2016-04-01 00:00:00","c#","13631"
"2016-04-01 00:00:00","c++","6849"
"2016-04-01 00:00:00","delphi","324"
"2016-04-01 00:00:00","go","599"
"2016-04-01 00:00:00","java","19327"
"2016-04-01 00:00:00","javascript","23286"
"2016-04-01 00:00:00","perl","492"
"2016-04-01 00:00:00","php","14308"
"2016-04-01 00:00:00","python","13552"
"2016-04-01 00:00:00","r","4094"
"2016-04-01 00:00:00","ruby","2211"
"2016-04-01 00:00:00","swift","4731"
"2016-05-01 00:00:00","assembly","321"
"2016-05-01 00:00:00","c","2705"
"2016-05-01 00:00:00","c#","13411"
"2016-05-01 00:00:00","c++","6103"
"2016-05-01 00:00:00","delphi","337"
"2016-05-01 00:00:00","go","577"
"2016-05-01 00:00:00","java","16893"
"2016-05-01 00:00:00","javascript","22850"
"2016-05-01 00:00:00","perl","485"
"2016-05-01 00:00:00","php","14306"
"2016-05-01 00:00:00","python","13036"
"2016-05-01 00:00:00","r","3780"
"2016-05-01 00:00:00","ruby","2127"
"2016-05-01 00:00:00","swift","4391"
"2016-06-01 00:00:00","assembly","288"
"2016-06-01 00:00:00","c","2287"
"2016-06-01 00:00:00","c#","12984"
"2016-06-01 00:00:00","c++","5683"
"2016-06-01 00:00:00","delphi","281"
"2016-06-01 00:00:00","go","546"
"2016-06-01 00:00:00","java","15830"
"2016-06-01 00:00:00","javascript","22025"
"2016-06-01 00:00:00","perl","434"
"2016-06-01 00:00:00","php","13502"
"2016-06-01 00:00:00","python","12831"
"2016-06-01 00:00:00","r","3843"
"2016-06-01 00:00:00","ruby","2098"
"2016-06-01 00:00:00","swift","4774"
"2016-07-01 00:00:00","assembly","201"
"2016-07-01 00:00:00","c","2335"
"2016-07-01 00:00:00","c#","11923"
"2016-07-01 00:00:00","c++","5429"
"2016-07-01 00:00:00","delphi","242"
"2016-07-01 00:00:00","go","536"
"2016-07-01 00:00:00","java","14829"
"2016-07-01 00:00:00","javascript","22058"
"2016-07-01 00:00:00","perl","412"
"2016-07-01 00:00:00","php","12798"
"2016-07-01 00:00:00","python","12744"
"2016-07-01 00:00:00","r","3733"
"2016-07-01 00:00:00","ruby","1893"
"2016-07-01 00:00:00","swift","4907"
"2016-08-01 00:00:00","assembly","255"
"2016-08-01 00:00:00","c","2197"
"2016-08-01 00:00:00","c#","12655"
"2016-08-01 00:00:00","c++","4990"
"2016-08-01 00:00:00","delphi","337"
"2016-08-01 00:00:00","go","563"
"2016-08-01 00:00:00","java","15105"
"2016-08-01 00:00:00","javascript","22540"
"2016-08-01 00:00:00","perl","457"
"2016-08-01 00:00:00","php","12798"
"2016-08-01 00:00:00","python","12849"
"2016-08-01 00:00:00","r","3775"
"2016-08-01 00:00:00","ruby","1871"
"2016-08-01 00:00:00","swift","4880"
"2016-09-01 00:00:00","assembly","332"
"2016-09-01 00:00:00","c","2496"
"2016-09-01 00:00:00","c#","11049"
"2016-09-01 00:00:00","c++","5114"
"2016-09-01 00:00:00","delphi","286"
"2016-09-01 00:00:00","go","510"
"2016-09-01 00:00:00","java","14584"
"2016-09-01 00:00:00","javascript","20324"
"2016-09-01 00:00:00","perl","461"
"2016-09-01 00:00:00","php","12022"
"2016-09-01 00:00:00","python","12282"
"2016-09-01 00:00:00","r","3294"
"2016-09-01 00:00:00","ruby","1919"
"2016-09-01 00:00:00","swift","4838"
"2016-10-01 00:00:00","assembly","396"
"2016-10-01 00:00:00","c","3196"
"2016-10-01 00:00:00","c#","11414"
"2016-10-01 00:00:00","c++","5942"
"2016-10-01 00:00:00","delphi","268"
"2016-10-01 00:00:00","go","529"
"2016-10-01 00:00:00","java","15240"
"2016-10-01 00:00:00","javascript","20333"
"2016-10-01 00:00:00","perl","400"
"2016-10-01 00:00:00","php","12149"
"2016-10-01 00:00:00","python","13443"
"2016-10-01 00:00:00","r","3762"
"2016-10-01 00:00:00","ruby","1816"
"2016-10-01 00:00:00","swift","4715"
"2016-11-01 00:00:00","assembly","411"
"2016-11-01 00:00:00","c","3247"
"2016-11-01 00:00:00","c#","11609"
"2016-11-01 00:00:00","c++","6041"
"2016-11-01 00:00:00","delphi","275"
"2016-11-01 00:00:00","go","475"
"2016-11-01 00:00:00","java","15578"
"2016-11-01 00:00:00","javascript","20388"
"2016-11-01 00:00:00","perl","365"
"2016-11-01 00:00:00","php","11871"
"2016-11-01 00:00:00","python","14123"
"2016-11-01 00:00:00","r","3543"
"2016-11-01 00:00:00","ruby","1752"
"2016-11-01 00:00:00","swift","4354"
"2016-12-01 00:00:00","assembly","309"
"2016-12-01 00:00:00","c","2785"
"2016-12-01 00:00:00","c#","10628"
"2016-12-01 00:00:00","c++","5185"
"2016-12-01 00:00:00","delphi","251"
"2016-12-01 00:00:00","go","494"
"2016-12-01 00:00:00","java","13743"
"2016-12-01 00:00:00","javascript","19632"
"2016-12-01 00:00:00","perl","335"
"2016-12-01 00:00:00","php","11350"
"2016-12-01 00:00:00","python","12960"
"2016-12-01 00:00:00","r","3137"
"2016-12-01 00:00:00","ruby","1624"
"2016-12-01 00:00:00","swift","3913"
"2017-01-01 00:00:00","assembly","305"
"2017-01-01 00:00:00","c","2748"
"2017-01-01 00:00:00","c#","11644"
"2017-01-01 00:00:00","c++","5624"
"2017-01-01 00:00:00","delphi","285"
"2017-01-01 00:00:00","go","556"
"2017-01-01 00:00:00","java","14482"
"2017-01-01 00:00:00","javascript","21297"
"2017-01-01 00:00:00","perl","321"
"2017-01-01 00:00:00","php","12501"
"2017-01-01 00:00:00","python","14204"
"2017-01-01 00:00:00","r","3479"
"2017-01-01 00:00:00","ruby","1820"
"2017-01-01 00:00:00","swift","4328"
"2017-02-01 00:00:00","assembly","300"
"2017-02-01 00:00:00","c","2711"
"2017-02-01 00:00:00","c#","11425"
"2017-02-01 00:00:00","c++","5140"
"2017-02-01 00:00:00","delphi","304"
"2017-02-01 00:00:00","go","548"
"2017-02-01 00:00:00","java","14484"
"2017-02-01 00:00:00","javascript","21090"
"2017-02-01 00:00:00","perl","398"
"2017-02-01 00:00:00","php","12380"
"2017-02-01 00:00:00","python","14714"
"2017-02-01 00:00:00","r","3667"
"2017-02-01 00:00:00","ruby","1616"
"2017-02-01 00:00:00","swift","4042"
"2017-03-01 00:00:00","assembly","368"
"2017-03-01 00:00:00","c","2943"
"2017-03-01 00:00:00","c#","12931"
"2017-03-01 00:00:00","c++","6196"
"2017-03-01 00:00:00","delphi","304"
"2017-03-01 00:00:00","go","649"
"2017-03-01 00:00:00","java","17214"
"2017-03-01 00:00:00","javascript","23547"
"2017-03-01 00:00:00","perl","408"
"2017-03-01 00:00:00","php","13876"
"2017-03-01 00:00:00","python","17034"
"2017-03-01 00:00:00","r","4585"
"2017-03-01 00:00:00","ruby","1787"
"2017-03-01 00:00:00","swift","4602"
"2017-04-01 00:00:00","assembly","315"
"2017-04-01 00:00:00","c","2832"
"2017-04-01 00:00:00","c#","11043"
"2017-04-01 00:00:00","c++","5844"
"2017-04-01 00:00:00","delphi","262"
"2017-04-01 00:00:00","go","506"
"2017-04-01 00:00:00","java","15799"
"2017-04-01 00:00:00","javascript","21103"
"2017-04-01 00:00:00","perl","365"
"2017-04-01 00:00:00","php","12258"
"2017-04-01 00:00:00","python","15575"
"2017-04-01 00:00:00","r","4243"
"2017-04-01 00:00:00","ruby","1483"
"2017-04-01 00:00:00","swift","3899"
"2017-05-01 00:00:00","assembly","347"
"2017-05-01 00:00:00","c","2734"
"2017-05-01 00:00:00","c#","11924"
"2017-05-01 00:00:00","c++","5272"
"2017-05-01 00:00:00","delphi","316"
"2017-05-01 00:00:00","go","581"
"2017-05-01 00:00:00","java","16240"
"2017-05-01 00:00:00","javascript","22256"
"2017-05-01 00:00:00","perl","352"
"2017-05-01 00:00:00","php","12927"
"2017-05-01 00:00:00","python","16110"
"2017-05-01 00:00:00","r","4296"
"2017-05-01 00:00:00","ruby","1515"
"2017-05-01 00:00:00","swift","4084"
"2017-06-01 00:00:00","assembly","236"
"2017-06-01 00:00:00","c","2334"
"2017-06-01 00:00:00","c#","11237"
"2017-06-01 00:00:00","c++","4659"
"2017-06-01 00:00:00","delphi","245"
"2017-06-01 00:00:00","go","572"
"2017-06-01 00:00:00","java","14527"
"2017-06-01 00:00:00","javascript","21444"
"2017-06-01 00:00:00","perl","310"
"2017-06-01 00:00:00","php","11616"
"2017-06-01 00:00:00","python","15928"
"2017-06-01 00:00:00","r","4428"
"2017-06-01 00:00:00","ruby","1408"
"2017-06-01 00:00:00","swift","4181"
"2017-07-01 00:00:00","assembly","220"
"2017-07-01 00:00:00","c","2036"
"2017-07-01 00:00:00","c#","11157"
"2017-07-01 00:00:00","c++","4995"
"2017-07-01 00:00:00","delphi","206"
"2017-07-01 00:00:00","go","652"
"2017-07-01 00:00:00","java","14038"
"2017-07-01 00:00:00","javascript","21478"
"2017-07-01 00:00:00","perl","322"
"2017-07-01 00:00:00","php","11642"
"2017-07-01 00:00:00","python","16831"
"2017-07-01 00:00:00","r","4564"
"2017-07-01 00:00:00","ruby","1517"
"2017-07-01 00:00:00","swift","4340"
"2017-08-01 00:00:00","assembly","213"
"2017-08-01 00:00:00","c","2033"
"2017-08-01 00:00:00","c#","10913"
"2017-08-01 00:00:00","c++","4763"
"2017-08-01 00:00:00","delphi","289"
"2017-08-01 00:00:00","go","602"
"2017-08-01 00:00:00","java","13686"
"2017-08-01 00:00:00","javascript","21231"
"2017-08-01 00:00:00","perl","354"
"2017-08-01 00:00:00","php","11532"
"2017-08-01 00:00:00","python","16413"
"2017-08-01 00:00:00","r","4547"
"2017-08-01 00:00:00","ruby","1391"
"2017-08-01 00:00:00","swift","4164"
"2017-09-01 00:00:00","assembly","228"
"2017-09-01 00:00:00","c","2090"
"2017-09-01 00:00:00","c#","9823"
"2017-09-01 00:00:00","c++","4444"
"2017-09-01 00:00:00","delphi","260"
"2017-09-01 00:00:00","go","541"
"2017-09-01 00:00:00","java","12674"
"2017-09-01 00:00:00","javascript","18853"
"2017-09-01 00:00:00","perl","296"
"2017-09-01 00:00:00","php","10598"
"2017-09-01 00:00:00","python","15372"
"2017-09-01 00:00:00","r","4207"
"2017-09-01 00:00:00","ruby","1220"
"2017-09-01 00:00:00","swift","3751"
"2017-10-01 00:00:00","assembly","326"
"2017-10-01 00:00:00","c","2755"
"2017-10-01 00:00:00","c#","10130"
"2017-10-01 00:00:00","c++","5185"
"2017-10-01 00:00:00","delphi","220"
"2017-10-01 00:00:00","go","613"
"2017-10-01 00:00:00","java","13891"
"2017-10-01 00:00:00","javascript","19649"
"2017-10-01 00:00:00","perl","332"
"2017-10-01 00:00:00","php","10673"
"2017-10-01 00:00:00","python","16842"
"2017-10-01 00:00:00","r","4513"
"2017-10-01 00:00:00","ruby","1292"
"2017-10-01 00:00:00","swift","3876"
"2017-11-01 00:00:00","assembly","382"
"2017-11-01 00:00:00","c","2927"
"2017-11-01 00:00:00","c#","9717"
"2017-11-01 00:00:00","c++","5008"
"2017-11-01 00:00:00","delphi","199"
"2017-11-01 00:00:00","go","654"
"2017-11-01 00:00:00","java","14047"
"2017-11-01 00:00:00","javascript","19248"
"2017-11-01 00:00:00","perl","262"
"2017-11-01 00:00:00","php","10458"
"2017-11-01 00:00:00","python","16861"
"2017-11-01 00:00:00","r","4488"
"2017-11-01 00:00:00","ruby","1167"
"2017-11-01 00:00:00","swift","3649"
"2017-12-01 00:00:00","assembly","247"
"2017-12-01 00:00:00","c","2189"
"2017-12-01 00:00:00","c#","8548"
"2017-12-01 00:00:00","c++","4433"
"2017-12-01 00:00:00","delphi","186"
"2017-12-01 00:00:00","go","521"
"2017-12-01 00:00:00","java","11901"
"2017-12-01 00:00:00","javascript","16846"
"2017-12-01 00:00:00","perl","235"
"2017-12-01 00:00:00","php","9039"
"2017-12-01 00:00:00","python","14860"
"2017-12-01 00:00:00","r","3705"
"2017-12-01 00:00:00","ruby","1014"
"2017-12-01 00:00:00","swift","3192"
"2018-01-01 00:00:00","assembly","251"
"2018-01-01 00:00:00","c","2201"
"2018-01-01 00:00:00","c#","9327"
"2018-01-01 00:00:00","c++","4726"
"2018-01-01 00:00:00","delphi","195"
"2018-01-01 00:00:00","go","539"
"2018-01-01 00:00:00","java","12284"
"2018-01-01 00:00:00","javascript","18781"
"2018-01-01 00:00:00","perl","244"
"2018-01-01 00:00:00","php","10019"
"2018-01-01 00:00:00","python","16152"
"2018-01-01 00:00:00","r","4185"
"2018-01-01 00:00:00","ruby","1157"
"2018-01-01 00:00:00","swift","3728"
"2018-02-01 00:00:00","assembly","281"
"2018-02-01 00:00:00","c","2133"
"2018-02-01 00:00:00","c#","8532"
"2018-02-01 00:00:00","c++","4549"
"2018-02-01 00:00:00","delphi","212"
"2018-02-01 00:00:00","go","581"
"2018-02-01 00:00:00","java","11967"
"2018-02-01 00:00:00","javascript","17122"
"2018-02-01 00:00:00","perl","230"
"2018-02-01 00:00:00","php","9048"
"2018-02-01 00:00:00","python","16222"
"2018-02-01 00:00:00","r","4487"
"2018-02-01 00:00:00","ruby","1028"
"2018-02-01 00:00:00","swift","3387"
"2018-03-01 00:00:00","assembly","316"
"2018-03-01 00:00:00","c","2453"
"2018-03-01 00:00:00","c#","9726"
"2018-03-01 00:00:00","c++","5146"
"2018-03-01 00:00:00","delphi","219"
"2018-03-01 00:00:00","go","600"
"2018-03-01 00:00:00","java","13460"
"2018-03-01 00:00:00","javascript","19016"
"2018-03-01 00:00:00","perl","287"
"2018-03-01 00:00:00","php","9746"
"2018-03-01 00:00:00","python","17808"
"2018-03-01 00:00:00","r","5081"
"2018-03-01 00:00:00","ruby","1058"
"2018-03-01 00:00:00","swift","4032"
"2018-04-01 00:00:00","assembly","320"
"2018-04-01 00:00:00","c","2169"
"2018-04-01 00:00:00","c#","9170"
"2018-04-01 00:00:00","c++","4644"
"2018-04-01 00:00:00","delphi","203"
"2018-04-01 00:00:00","go","615"
"2018-04-01 00:00:00","java","13400"
"2018-04-01 00:00:00","javascript","17861"
"2018-04-01 00:00:00","perl","252"
"2018-04-01 00:00:00","php","8846"
"2018-04-01 00:00:00","python","16872"
"2018-04-01 00:00:00","r","4710"
"2018-04-01 00:00:00","ruby","984"
"2018-04-01 00:00:00","swift","3555"
"2018-05-01 00:00:00","assembly","295"
"2018-05-01 00:00:00","c","2350"
"2018-05-01 00:00:00","c#","9868"
"2018-05-01 00:00:00","c++","4671"
"2018-05-01 00:00:00","delphi","192"
"2018-05-01 00:00:00","go","626"
"2018-05-01 00:00:00","java","13381"
"2018-05-01 00:00:00","javascript","17943"
"2018-05-01 00:00:00","perl","242"
"2018-05-01 00:00:00","php","9379"
"2018-05-01 00:00:00","python","17478"
"2018-05-01 00:00:00","r","4716"
"2018-05-01 00:00:00","ruby","1032"
"2018-05-01 00:00:00","swift","3603"
"2018-06-01 00:00:00","assembly","201"
"2018-06-01 00:00:00","c","1825"
"2018-06-01 00:00:00","c#","8742"
"2018-06-01 00:00:00","c++","4075"
"2018-06-01 00:00:00","delphi","186"
"2018-06-01 00:00:00","go","671"
"2018-06-01 00:00:00","java","11730"
"2018-06-01 00:00:00","javascript","17107"
"2018-06-01 00:00:00","perl","238"
"2018-06-01 00:00:00","php","8363"
"2018-06-01 00:00:00","python","16724"
"2018-06-01 00:00:00","r","4468"
"2018-06-01 00:00:00","ruby","987"
"2018-06-01 00:00:00","swift","3126"
"2018-07-01 00:00:00","assembly","181"
"2018-07-01 00:00:00","c","1590"
"2018-07-01 00:00:00","c#","9367"
"2018-07-01 00:00:00","c++","3893"
"2018-07-01 00:00:00","delphi","206"
"2018-07-01 00:00:00","go","685"
"2018-07-01 00:00:00","java","11691"
"2018-07-01 00:00:00","javascript","17745"
"2018-07-01 00:00:00","perl","245"
"2018-07-01 00:00:00","php","8513"
"2018-07-01 00:00:00","python","17869"
"2018-07-01 00:00:00","r","4395"
"2018-07-01 00:00:00","ruby","939"
"2018-07-01 00:00:00","swift","3656"
"2018-08-01 00:00:00","assembly","175"
"2018-08-01 00:00:00","c","1669"
"2018-08-01 00:00:00","c#","9439"
"2018-08-01 00:00:00","c++","3885"
"2018-08-01 00:00:00","delphi","204"
"2018-08-01 00:00:00","go","702"
"2018-08-01 00:00:00","java","11243"
"2018-08-01 00:00:00","javascript","17785"
"2018-08-01 00:00:00","perl","227"
"2018-08-01 00:00:00","php","8442"
"2018-08-01 00:00:00","python","17675"
"2018-08-01 00:00:00","r","4086"
"2018-08-01 00:00:00","ruby","874"
"2018-08-01 00:00:00","swift","3558"
"2018-09-01 00:00:00","assembly","255"
"2018-09-01 00:00:00","c","1826"
"2018-09-01 00:00:00","c#","8326"
"2018-09-01 00:00:00","c++","3715"
"2018-09-01 00:00:00","delphi","180"
"2018-09-01 00:00:00","go","670"
"2018-09-01 00:00:00","java","10664"
"2018-09-01 00:00:00","javascript","15953"
"2018-09-01 00:00:00","perl","203"
"2018-09-01 00:00:00","php","7634"
"2018-09-01 00:00:00","python","15957"
"2018-09-01 00:00:00","r","3741"
"2018-09-01 00:00:00","ruby","774"
"2018-09-01 00:00:00","swift","3127"
"2018-10-01 00:00:00","assembly","317"
"2018-10-01 00:00:00","c","2432"
"2018-10-01 00:00:00","c#","9297"
"2018-10-01 00:00:00","c++","4285"
"2018-10-01 00:00:00","delphi","221"
"2018-10-01 00:00:00","go","788"
"2018-10-01 00:00:00","java","12452"
"2018-10-01 00:00:00","javascript","17327"
"2018-10-01 00:00:00","perl","277"
"2018-10-01 00:00:00","php","8098"
"2018-10-01 00:00:00","python","18072"
"2018-10-01 00:00:00","r","4335"
"2018-10-01 00:00:00","ruby","894"
"2018-10-01 00:00:00","swift","3259"
"2018-11-01 00:00:00","assembly","301"
"2018-11-01 00:00:00","c","2512"
"2018-11-01 00:00:00","c#","8436"
"2018-11-01 00:00:00","c++","4322"
"2018-11-01 00:00:00","delphi","179"
"2018-11-01 00:00:00","go","716"
"2018-11-01 00:00:00","java","11647"
"2018-11-01 00:00:00","javascript","16101"
"2018-11-01 00:00:00","perl","233"
"2018-11-01 00:00:00","php","7038"
"2018-11-01 00:00:00","python","17926"
"2018-11-01 00:00:00","r","4213"
"2018-11-01 00:00:00","ruby","833"
"2018-11-01 00:00:00","swift","2972"
"2018-12-01 00:00:00","assembly","218"
"2018-12-01 00:00:00","c","2181"
"2018-12-01 00:00:00","c#","7508"
"2018-12-01 00:00:00","c++","3537"
"2018-12-01 00:00:00","delphi","173"
"2018-12-01 00:00:00","go","656"
"2018-12-01 00:00:00","java","10390"
"2018-12-01 00:00:00","javascript","14203"
"2018-12-01 00:00:00","perl","217"
"2018-12-01 00:00:00","php","6184"
"2018-12-01 00:00:00","python","15653"
"2018-12-01 00:00:00","r","3384"
"2018-12-01 00:00:00","ruby","806"
"2018-12-01 00:00:00","swift","2773"
"2019-01-01 00:00:00","assembly","219"
"2019-01-01 00:00:00","c","2269"
"2019-01-01 00:00:00","c#","8706"
"2019-01-01 00:00:00","c++","3887"
"2019-01-01 00:00:00","delphi","213"
"2019-01-01 00:00:00","go","651"
"2019-01-01 00:00:00","java","10973"
"2019-01-01 00:00:00","javascript","15958"
"2019-01-01 00:00:00","perl","260"
"2019-01-01 00:00:00","php","7124"
"2019-01-01 00:00:00","python","16879"
"2019-01-01 00:00:00","r","3935"
"2019-01-01 00:00:00","ruby","915"
"2019-01-01 00:00:00","swift","2893"
"2019-02-01 00:00:00","assembly","223"
"2019-02-01 00:00:00","c","2043"
"2019-02-01 00:00:00","c#","8315"
"2019-02-01 00:00:00","c++","3708"
"2019-02-01 00:00:00","delphi","191"
"2019-02-01 00:00:00","go","624"
"2019-02-01 00:00:00","java","10935"
"2019-02-01 00:00:00","javascript","15618"
"2019-02-01 00:00:00","perl","249"
"2019-02-01 00:00:00","php","7230"
"2019-02-01 00:00:00","python","17465"
"2019-02-01 00:00:00","r","4235"
"2019-02-01 00:00:00","ruby","784"
"2019-02-01 00:00:00","swift","2668"
"2019-03-01 00:00:00","assembly","276"
"2019-03-01 00:00:00","c","2368"
"2019-03-01 00:00:00","c#","8917"
"2019-03-01 00:00:00","c++","4398"
"2019-03-01 00:00:00","delphi","184"
"2019-03-01 00:00:00","go","718"
"2019-03-01 00:00:00","java","11973"
"2019-03-01 00:00:00","javascript","17259"
"2019-03-01 00:00:00","perl","231"
"2019-03-01 00:00:00","php","7741"
"2019-03-01 00:00:00","python","19818"
"2019-03-01 00:00:00","r","4478"
"2019-03-01 00:00:00","ruby","839"
"2019-03-01 00:00:00","swift","2935"
"2019-04-01 00:00:00","assembly","302"
"2019-04-01 00:00:00","c","2417"
"2019-04-01 00:00:00","c#","9067"
"2019-04-01 00:00:00","c++","4356"
"2019-04-01 00:00:00","delphi","203"
"2019-04-01 00:00:00","go","647"
"2019-04-01 00:00:00","java","11102"
"2019-04-01 00:00:00","javascript","16094"
"2019-04-01 00:00:00","perl","205"
"2019-04-01 00:00:00","php","7146"
"2019-04-01 00:00:00","python","19750"
"2019-04-01 00:00:00","r","4590"
"2019-04-01 00:00:00","ruby","766"
"2019-04-01 00:00:00","swift","3057"
"2019-05-01 00:00:00","assembly","234"
"2019-05-01 00:00:00","c","2084"
"2019-05-01 00:00:00","c#","8985"
"2019-05-01 00:00:00","c++","4109"
"2019-05-01 00:00:00","delphi","167"
"2019-05-01 00:00:00","go","669"
"2019-05-01 00:00:00","java","11018"
"2019-05-01 00:00:00","javascript","16073"
"2019-05-01 00:00:00","perl","220"
"2019-05-01 00:00:00","php","6913"
"2019-05-01 00:00:00","python","18818"
"2019-05-01 00:00:00","r","4289"
"2019-05-01 00:00:00","ruby","760"
"2019-05-01 00:00:00","swift","3089"
"2019-06-01 00:00:00","assembly","199"
"2019-06-01 00:00:00","c","1715"
"2019-06-01 00:00:00","c#","7563"
"2019-06-01 00:00:00","c++","3624"
"2019-06-01 00:00:00","delphi","134"
"2019-06-01 00:00:00","go","524"
"2019-06-01 00:00:00","java","9576"
"2019-06-01 00:00:00","javascript","14738"
"2019-06-01 00:00:00","perl","235"
"2019-06-01 00:00:00","php","5984"
"2019-06-01 00:00:00","python","17151"
"2019-06-01 00:00:00","r","3941"
"2019-06-01 00:00:00","ruby","701"
"2019-06-01 00:00:00","swift","3082"
"2019-07-01 00:00:00","assembly","185"
"2019-07-01 00:00:00","c","1741"
"2019-07-01 00:00:00","c#","8408"
"2019-07-01 00:00:00","c++","4247"
"2019-07-01 00:00:00","delphi","163"
"2019-07-01 00:00:00","go","623"
"2019-07-01 00:00:00","java","10774"
"2019-07-01 00:00:00","javascript","16053"
"2019-07-01 00:00:00","perl","235"
"2019-07-01 00:00:00","php","6618"
"2019-07-01 00:00:00","python","19649"
"2019-07-01 00:00:00","r","4185"
"2019-07-01 00:00:00","ruby","757"
"2019-07-01 00:00:00","swift","3035"
"2019-08-01 00:00:00","assembly","166"
"2019-08-01 00:00:00","c","1538"
"2019-08-01 00:00:00","c#","7665"
"2019-08-01 00:00:00","c++","3262"
"2019-08-01 00:00:00","delphi","174"
"2019-08-01 00:00:00","go","628"
"2019-08-01 00:00:00","java","9029"
"2019-08-01 00:00:00","javascript","15139"
"2019-08-01 00:00:00","perl","192"
"2019-08-01 00:00:00","php","5805"
"2019-08-01 00:00:00","python","17938"
"2019-08-01 00:00:00","r","3938"
"2019-08-01 00:00:00","ruby","775"
"2019-08-01 00:00:00","swift","2525"
"2019-09-01 00:00:00","assembly","221"
"2019-09-01 00:00:00","c","1994"
"2019-09-01 00:00:00","c#","7807"
"2019-09-01 00:00:00","c++","3759"
"2019-09-01 00:00:00","delphi","145"
"2019-09-01 00:00:00","go","614"
"2019-09-01 00:00:00","java","9607"
"2019-09-01 00:00:00","javascript","14798"
"2019-09-01 00:00:00","perl","198"
"2019-09-01 00:00:00","php","5536"
"2019-09-01 00:00:00","python","16803"
"2019-09-01 00:00:00","r","3928"
"2019-09-01 00:00:00","ruby","714"
"2019-09-01 00:00:00","swift","2554"
"2019-10-01 00:00:00","assembly","316"
"2019-10-01 00:00:00","c","2468"
"2019-10-01 00:00:00","c#","8365"
"2019-10-01 00:00:00","c++","4812"
"2019-10-01 00:00:00","delphi","151"
"2019-10-01 00:00:00","go","631"
"2019-10-01 00:00:00","java","11136"
"2019-10-01 00:00:00","javascript","15903"
"2019-10-01 00:00:00","perl","208"
"2019-10-01 00:00:00","php","6022"
"2019-10-01 00:00:00","python","20349"
"2019-10-01 00:00:00","r","4371"
"2019-10-01 00:00:00","ruby","847"
"2019-10-01 00:00:00","swift","3100"
"2019-11-01 00:00:00","assembly","280"
"2019-11-01 00:00:00","c","2494"
"2019-11-01 00:00:00","c#","7979"
"2019-11-01 00:00:00","c++","4699"
"2019-11-01 00:00:00","delphi","169"
"2019-11-01 00:00:00","go","600"
"2019-11-01 00:00:00","java","10255"
"2019-11-01 00:00:00","javascript","15654"
"2019-11-01 00:00:00","perl","217"
"2019-11-01 00:00:00","php","6072"
"2019-11-01 00:00:00","python","20500"
"2019-11-01 00:00:00","r","4274"
"2019-11-01 00:00:00","ruby","684"
"2019-11-01 00:00:00","swift","2856"
"2019-12-01 00:00:00","assembly","248"
"2019-12-01 00:00:00","c","2132"
"2019-12-01 00:00:00","c#","7169"
"2019-12-01 00:00:00","c++","4176"
"2019-12-01 00:00:00","delphi","125"
"2019-12-01 00:00:00","go","611"
"2019-12-01 00:00:00","java","8957"
"2019-12-01 00:00:00","javascript","14217"
"2019-12-01 00:00:00","perl","156"
"2019-12-01 00:00:00","php","5209"
"2019-12-01 00:00:00","python","18001"
"2019-12-01 00:00:00","r","3734"
"2019-12-01 00:00:00","ruby","666"
"2019-12-01 00:00:00","swift","2651"
"2020-01-01 00:00:00","assembly","228"
"2020-01-01 00:00:00","c","2033"
"2020-01-01 00:00:00","c#","7753"
"2020-01-01 00:00:00","c++","4188"
"2020-01-01 00:00:00","delphi","163"
"2020-01-01 00:00:00","go","645"
"2020-01-01 00:00:00","java","9853"
"2020-01-01 00:00:00","javascript","15921"
"2020-01-01 00:00:00","perl","164"
"2020-01-01 00:00:00","php","5865"
"2020-01-01 00:00:00","python","19847"
"2020-01-01 00:00:00","r","4129"
"2020-01-01 00:00:00","ruby","760"
"2020-01-01 00:00:00","swift","2884"
"2020-02-01 00:00:00","assembly","271"
"2020-02-01 00:00:00","c","1970"
"2020-02-01 00:00:00","c#","7663"
"2020-02-01 00:00:00","c++","4051"
"2020-02-01 00:00:00","delphi","156"
"2020-02-01 00:00:00","go","654"
"2020-02-01 00:00:00","java","9965"
"2020-02-01 00:00:00","javascript","15646"
"2020-02-01 00:00:00","perl","178"
"2020-02-01 00:00:00","php","5615"
"2020-02-01 00:00:00","python","19900"
"2020-02-01 00:00:00","r","4662"
"2020-02-01 00:00:00","ruby","652"
"2020-02-01 00:00:00","swift","2747"
"2020-03-01 00:00:00","assembly","292"
"2020-03-01 00:00:00","c","2463"
"2020-03-01 00:00:00","c#","7742"
"2020-03-01 00:00:00","c++","4609"
"2020-03-01 00:00:00","delphi","166"
"2020-03-01 00:00:00","go","649"
"2020-03-01 00:00:00","java","10996"
"2020-03-01 00:00:00","javascript","17446"
"2020-03-01 00:00:00","perl","195"
"2020-03-01 00:00:00","php","5634"
"2020-03-01 00:00:00","python","22511"
"2020-03-01 00:00:00","r","5104"
"2020-03-01 00:00:00","ruby","708"
"2020-03-01 00:00:00","swift","2898"
"2020-04-01 00:00:00","assembly","372"
"2020-04-01 00:00:00","c","3224"
"2020-04-01 00:00:00","c#","8542"
"2020-04-01 00:00:00","c++","6166"
"2020-04-01 00:00:00","delphi","231"
"2020-04-01 00:00:00","go","791"
"2020-04-01 00:00:00","java","12532"
"2020-04-01 00:00:00","javascript","20756"
"2020-04-01 00:00:00","perl","217"
"2020-04-01 00:00:00","php","6583"
"2020-04-01 00:00:00","python","27455"
"2020-04-01 00:00:00","r","6161"
"2020-04-01 00:00:00","ruby","759"
"2020-04-01 00:00:00","swift","3432"
"2020-05-01 00:00:00","assembly","357"
"2020-05-01 00:00:00","c","3347"
"2020-05-01 00:00:00","c#","8538"
"2020-05-01 00:00:00","c++","6349"
"2020-05-01 00:00:00","delphi","200"
"2020-05-01 00:00:00","go","749"
"2020-05-01 00:00:00","java","11924"
"2020-05-01 00:00:00","javascript","21352"
"2020-05-01 00:00:00","perl","211"
"2020-05-01 00:00:00","php","6475"
"2020-05-01 00:00:00","python","29249"
"2020-05-01 00:00:00","r","5995"
"2020-05-01 00:00:00","ruby","693"
"2020-05-01 00:00:00","swift","3496"
"2020-06-01 00:00:00","assembly","327"
"2020-06-01 00:00:00","c","2577"
"2020-06-01 00:00:00","c#","7853"
"2020-06-01 00:00:00","c++","5582"
"2020-06-01 00:00:00","delphi","202"
"2020-06-01 00:00:00","go","705"
"2020-06-01 00:00:00","java","10753"
"2020-06-01 00:00:00","javascript","19676"
"2020-06-01 00:00:00","perl","198"
"2020-06-01 00:00:00","php","5901"
"2020-06-01 00:00:00","python","26962"
"2020-06-01 00:00:00","r","5427"
"2020-06-01 00:00:00","ruby","611"
"2020-06-01 00:00:00","swift","3138"
"2020-07-01 00:00:00","assembly","269"
"2020-07-01 00:00:00","c","2085"
"2020-07-01 00:00:00","c#","7765"
"2020-07-01 00:00:00","c++","5140"
"2020-07-01 00:00:00","delphi","192"
"2020-07-01 00:00:00","go","637"
"2020-07-01 00:00:00","java","10391"
"2020-07-01 00:00:00","javascript","19772"
"2020-07-01 00:00:00","perl","175"
"2020-07-01 00:00:00","php","5912"
"2020-07-01 00:00:00","python","26138"
"2020-07-01 00:00:00","r","4928"
"2020-07-01 00:00:00","ruby","695"
"2020-07-01 00:00:00","swift","2977"
"2020-08-01 00:00:00","assembly","263"
"2020-08-01 00:00:00","c","1884"
"2020-08-01 00:00:00","c#","7026"
"2020-08-01 00:00:00","c++","4748"
"2020-08-01 00:00:00","delphi","183"
"2020-08-01 00:00:00","go","704"
"2020-08-01 00:00:00","java","9244"
"2020-08-01 00:00:00","javascript","17914"
"2020-08-01 00:00:00","perl","192"
"2020-08-01 00:00:00","php","4962"
"2020-08-01 00:00:00","python","22882"
"2020-08-01 00:00:00","r","4480"
"2020-08-01 00:00:00","ruby","553"
"2020-08-01 00:00:00","swift","2652"
"2020-09-01 00:00:00","assembly","294"
"2020-09-01 00:00:00","c","2138"
"2020-09-01 00:00:00","c#","6422"
"2020-09-01 00:00:00","c++","3897"
"2020-09-01 00:00:00","delphi","171"
"2020-09-01 00:00:00","go","726"
"2020-09-01 00:00:00","java","8883"
"2020-09-01 00:00:00","javascript","16678"
"2020-09-01 00:00:00","perl","164"
"2020-09-01 00:00:00","php","4738"
"2020-09-01 00:00:00","python","21576"
"2020-09-01 00:00:00","r","4741"
"2020-09-01 00:00:00","ruby","511"
"2020-09-01 00:00:00","swift","2537"
"2020-10-01 00:00:00","assembly","343"
"2020-10-01 00:00:00","c","2352"
"2020-10-01 00:00:00","c#","6161"
"2020-10-01 00:00:00","c++","4290"
"2020-10-01 00:00:00","delphi","180"
"2020-10-01 00:00:00","go","589"
"2020-10-01 00:00:00","java","8878"
"2020-10-01 00:00:00","javascript","16314"
"2020-10-01 00:00:00","perl","169"
"2020-10-01 00:00:00","php","4550"
"2020-10-01 00:00:00","python","22633"
"2020-10-01 00:00:00","r","5060"
"2020-10-01 00:00:00","ruby","491"
"2020-10-01 00:00:00","swift","2300"
"2020-11-01 00:00:00","assembly","373"
"2020-11-01 00:00:00","c","2678"
"2020-11-01 00:00:00","c#","5950"
"2020-11-01 00:00:00","c++","4282"
"2020-11-01 00:00:00","delphi","193"
"2020-11-01 00:00:00","go","522"
"2020-11-01 00:00:00","java","8411"
"2020-11-01 00:00:00","javascript","15407"
"2020-11-01 00:00:00","perl","149"
"2020-11-01 00:00:00","php","4588"
"2020-11-01 00:00:00","python","21985"
"2020-11-01 00:00:00","r","4792"
"2020-11-01 00:00:00","ruby","500"
"2020-11-01 00:00:00","swift","2149"
"2020-12-01 00:00:00","assembly","297"
"2020-12-01 00:00:00","c","2631"
"2020-12-01 00:00:00","c#","5710"
"2020-12-01 00:00:00","c++","4423"
"2020-12-01 00:00:00","delphi","190"
"2020-12-01 00:00:00","go","532"
"2020-12-01 00:00:00","java","7744"
"2020-12-01 00:00:00","javascript","15908"
"2020-12-01 00:00:00","perl","131"
"2020-12-01 00:00:00","php","4773"
"2020-12-01 00:00:00","python","22017"
"2020-12-01 00:00:00","r","4314"
"2020-12-01 00:00:00","ruby","497"
"2020-12-01 00:00:00","swift","2082"
"2021-01-01 00:00:00","assembly","305"
"2021-01-01 00:00:00","c","2557"
"2021-01-01 00:00:00","c#","6148"
"2021-01-01 00:00:00","c++","4081"
"2021-01-01 00:00:00","delphi","199"
"2021-01-01 00:00:00","go","563"
"2021-01-01 00:00:00","java","7987"
"2021-01-01 00:00:00","javascript","16752"
"2021-01-01 00:00:00","perl","145"
"2021-01-01 00:00:00","php","4739"
"2021-01-01 00:00:00","python","22722"
"2021-01-01 00:00:00","r","4325"
"2021-01-01 00:00:00","ruby","522"
"2021-01-01 00:00:00","swift","2296"
"2021-02-01 00:00:00","assembly","244"
"2021-02-01 00:00:00","c","2228"
"2021-02-01 00:00:00","c#","5754"
"2021-02-01 00:00:00","c++","4067"
"2021-02-01 00:00:00","delphi","189"
"2021-02-01 00:00:00","go","564"
"2021-02-01 00:00:00","java","7524"
"2021-02-01 00:00:00","javascript","15156"
"2021-02-01 00:00:00","perl","133"
"2021-02-01 00:00:00","php","4372"
"2021-02-01 00:00:00","python","21252"
"2021-02-01 00:00:00","r","4311"
"2021-02-01 00:00:00","ruby","528"
"2021-02-01 00:00:00","swift","2244"
"2021-03-01 00:00:00","assembly","317"
"2021-03-01 00:00:00","c","2467"
"2021-03-01 00:00:00","c#","6345"
"2021-03-01 00:00:00","c++","4268"
"2021-03-01 00:00:00","delphi","253"
"2021-03-01 00:00:00","go","751"
"2021-03-01 00:00:00","java","8606"
"2021-03-01 00:00:00","javascript","16643"
"2021-03-01 00:00:00","perl","151"
"2021-03-01 00:00:00","php","4712"
"2021-03-01 00:00:00","python","23660"
"2021-03-01 00:00:00","r","5156"
"2021-03-01 00:00:00","ruby","495"
"2021-03-01 00:00:00","swift","2367"
"2021-04-01 00:00:00","assembly","318"
"2021-04-01 00:00:00","c","2281"
"2021-04-01 00:00:00","c#","5846"
"2021-04-01 00:00:00","c++","3902"
"2021-04-01 00:00:00","delphi","170"
"2021-04-01 00:00:00","go","621"
"2021-04-01 00:00:00","java","7862"
"2021-04-01 00:00:00","javascript","15746"
"2021-04-01 00:00:00","perl","133"
"2021-04-01 00:00:00","php","4287"
"2021-04-01 00:00:00","python","22222"
"2021-04-01 00:00:00","r","4773"
"2021-04-01 00:00:00","ruby","513"
"2021-04-01 00:00:00","swift","2093"
"2021-05-01 00:00:00","assembly","300"
"2021-05-01 00:00:00","c","2068"
"2021-05-01 00:00:00","c#","5689"
"2021-05-01 00:00:00","c++","4149"
"2021-05-01 00:00:00","delphi","167"
"2021-05-01 00:00:00","go","638"
"2021-05-01 00:00:00","java","7888"
"2021-05-01 00:00:00","javascript","15686"
"2021-05-01 00:00:00","perl","120"
"2021-05-01 00:00:00","php","4238"
"2021-05-01 00:00:00","python","22216"
"2021-05-01 00:00:00","r","4648"
"2021-05-01 00:00:00","ruby","398"
"2021-05-01 00:00:00","swift","1844"
"2021-06-01 00:00:00","assembly","257"
"2021-06-01 00:00:00","c","1856"
"2021-06-01 00:00:00","c#","5582"
"2021-06-01 00:00:00","c++","3789"
"2021-06-01 00:00:00","delphi","125"
"2021-06-01 00:00:00","go","605"
"2021-06-01 00:00:00","java","7525"
"2021-06-01 00:00:00","javascript","14868"
"2021-06-01 00:00:00","perl","154"
"2021-06-01 00:00:00","php","4051"
"2021-06-01 00:00:00","python","20709"
"2021-06-01 00:00:00","r","4266"
"2021-06-01 00:00:00","ruby","417"
"2021-06-01 00:00:00","swift","1774"
"2021-07-01 00:00:00","assembly","184"
"2021-07-01 00:00:00","c","1597"
"2021-07-01 00:00:00","c#","5161"
"2021-07-01 00:00:00","c++","3457"
"2021-07-01 00:00:00","delphi","139"
"2021-07-01 00:00:00","go","599"
"2021-07-01 00:00:00","java","6891"
"2021-07-01 00:00:00","javascript","14637"
"2021-07-01 00:00:00","perl","137"
"2021-07-01 00:00:00","php","3869"
"2021-07-01 00:00:00","python","20409"
"2021-07-01 00:00:00","r","4032"
"2021-07-01 00:00:00","ruby","444"
"2021-07-01 00:00:00","swift","1948"
"2021-08-01 00:00:00","assembly","161"
"2021-08-01 00:00:00","c","1514"
"2021-08-01 00:00:00","c#","5070"
"2021-08-01 00:00:00","c++","3214"
"2021-08-01 00:00:00","delphi","133"
"2021-08-01 00:00:00","go","734"
"2021-08-01 00:00:00","java","6685"
"2021-08-01 00:00:00","javascript","14485"
"2021-08-01 00:00:00","perl","118"
"2021-08-01 00:00:00","php","3832"
"2021-08-01 00:00:00","python","19652"
"2021-08-01 00:00:00","r","4019"
"2021-08-01 00:00:00","ruby","445"
"2021-08-01 00:00:00","swift","1877"
"2021-09-01 00:00:00","assembly","190"
"2021-09-01 00:00:00","c","1693"
"2021-09-01 00:00:00","c#","5013"
"2021-09-01 00:00:00","c++","3565"
"2021-09-01 00:00:00","delphi","133"
"2021-09-01 00:00:00","go","615"
"2021-09-01 00:00:00","java","6560"
"2021-09-01 00:00:00","javascript","14307"
"2021-09-01 00:00:00","perl","112"
"2021-09-01 00:00:00","php","3693"
"2021-09-01 00:00:00","python","18850"
"2021-09-01 00:00:00","r","3889"
"2021-09-01 00:00:00","ruby","444"
"2021-09-01 00:00:00","swift","1610"
"2021-10-01 00:00:00","assembly","203"
"2021-10-01 00:00:00","c","2082"
"2021-10-01 00:00:00","c#","5237"
"2021-10-01 00:00:00","c++","3683"
"2021-10-01 00:00:00","delphi","141"
"2021-10-01 00:00:00","go","696"
"2021-10-01 00:00:00","java","6505"
"2021-10-01 00:00:00","javascript","13702"
"2021-10-01 00:00:00","perl","127"
"2021-10-01 00:00:00","php","3566"
"2021-10-01 00:00:00","python","19638"
"2021-10-01 00:00:00","r","4153"
"2021-10-01 00:00:00","ruby","412"
"2021-10-01 00:00:00","swift","1559"
"2021-11-01 00:00:00","assembly","277"
"2021-11-01 00:00:00","c","2192"
"2021-11-01 00:00:00","c#","5541"
"2021-11-01 00:00:00","c++","3771"
"2021-11-01 00:00:00","delphi","138"
"2021-11-01 00:00:00","go","646"
"2021-11-01 00:00:00","java","6845"
"2021-11-01 00:00:00","javascript","13317"
"2021-11-01 00:00:00","perl","76"
"2021-11-01 00:00:00","php","3459"
"2021-11-01 00:00:00","python","19864"
"2021-11-01 00:00:00","r","4012"
"2021-11-01 00:00:00","ruby","390"
"2021-11-01 00:00:00","swift","1525"
"2021-12-01 00:00:00","assembly","261"
"2021-12-01 00:00:00","c","2083"
"2021-12-01 00:00:00","c#","4991"
"2021-12-01 00:00:00","c++","3537"
"2021-12-01 00:00:00","delphi","142"
"2021-12-01 00:00:00","go","710"
"2021-12-01 00:00:00","java","6130"
"2021-12-01 00:00:00","javascript","12957"
"2021-12-01 00:00:00","perl","100"
"2021-12-01 00:00:00","php","3212"
"2021-12-01 00:00:00","python","18861"
"2021-12-01 00:00:00","r","3531"
"2021-12-01 00:00:00","ruby","365"
"2021-12-01 00:00:00","swift","1409"
"2022-01-01 00:00:00","assembly","224"
"2022-01-01 00:00:00","c","1935"
"2022-01-01 00:00:00","c#","5221"
"2022-01-01 00:00:00","c++","3577"
"2022-01-01 00:00:00","delphi","132"
"2022-01-01 00:00:00","go","736"
"2022-01-01 00:00:00","java","6370"
"2022-01-01 00:00:00","javascript","13823"
"2022-01-01 00:00:00","perl","126"
"2022-01-01 00:00:00","php","3347"
"2022-01-01 00:00:00","python","19511"
"2022-01-01 00:00:00","r","3836"
"2022-01-01 00:00:00","ruby","441"
"2022-01-01 00:00:00","swift","1717"
"2022-02-01 00:00:00","assembly","209"
"2022-02-01 00:00:00","c","1656"
"2022-02-01 00:00:00","c#","5046"
"2022-02-01 00:00:00","c++","3153"
"2022-02-01 00:00:00","delphi","166"
"2022-02-01 00:00:00","go","639"
"2022-02-01 00:00:00","java","5852"
"2022-02-01 00:00:00","javascript","12671"
"2022-02-01 00:00:00","perl","94"
"2022-02-01 00:00:00","php","3072"
"2022-02-01 00:00:00","python","19088"
"2022-02-01 00:00:00","r","3894"
"2022-02-01 00:00:00","ruby","402"
"2022-02-01 00:00:00","swift","1584"
"2022-03-01 00:00:00","assembly","231"
"2022-03-01 00:00:00","c","1925"
"2022-03-01 00:00:00","c#","5613"
"2022-03-01 00:00:00","c++","3465"
"2022-03-01 00:00:00","delphi","119"
"2022-03-01 00:00:00","go","753"
"2022-03-01 00:00:00","java","6500"
"2022-03-01 00:00:00","javascript","13450"
"2022-03-01 00:00:00","perl","103"
"2022-03-01 00:00:00","php","3101"
"2022-03-01 00:00:00","python","20536"
"2022-03-01 00:00:00","r","4467"
"2022-03-01 00:00:00","ruby","440"
"2022-03-01 00:00:00","swift","1725"
"2022-04-01 00:00:00","assembly","244"
"2022-04-01 00:00:00","c","1720"
"2022-04-01 00:00:00","c#","5160"
"2022-04-01 00:00:00","c++","3412"
"2022-04-01 00:00:00","delphi","112"
"2022-04-01 00:00:00","go","704"
"2022-04-01 00:00:00","java","6284"
"2022-04-01 00:00:00","javascript","13314"
"2022-04-01 00:00:00","perl","100"
"2022-04-01 00:00:00","php","3136"
"2022-04-01 00:00:00","python","19622"
"2022-04-01 00:00:00","r","4163"
"2022-04-01 00:00:00","ruby","431"
"2022-04-01 00:00:00","swift","1437"
"2022-05-01 00:00:00","assembly","246"
"2022-05-01 00:00:00","c","1742"
"2022-05-01 00:00:00","c#","5453"
"2022-05-01 00:00:00","c++","3470"
"2022-05-01 00:00:00","delphi","118"
"2022-05-01 00:00:00","go","601"
"2022-05-01 00:00:00","java","6399"
"2022-05-01 00:00:00","javascript","13150"
"2022-05-01 00:00:00","perl","90"
"2022-05-01 00:00:00","php","3326"
"2022-05-01 00:00:00","python","19203"
"2022-05-01 00:00:00","r","4121"
"2022-05-01 00:00:00","ruby","435"
"2022-05-01 00:00:00","swift","1444"
"2022-06-01 00:00:00","assembly","233"
"2022-06-01 00:00:00","c","1544"
"2022-06-01 00:00:00","c#","5257"
"2022-06-01 00:00:00","c++","3013"
"2022-06-01 00:00:00","delphi","110"
"2022-06-01 00:00:00","go","672"
"2022-06-01 00:00:00","java","5623"
"2022-06-01 00:00:00","javascript","12457"
"2022-06-01 00:00:00","perl","123"
"2022-06-01 00:00:00","php","3142"
"2022-06-01 00:00:00","python","18545"
"2022-06-01 00:00:00","r","3866"
"2022-06-01 00:00:00","ruby","423"
"2022-06-01 00:00:00","swift","1495"
"2022-07-01 00:00:00","assembly","201"
"2022-07-01 00:00:00","c","1360"
"2022-07-01 00:00:00","c#","5187"
"2022-07-01 00:00:00","c++","2925"
"2022-07-01 00:00:00","delphi","117"
"2022-07-01 00:00:00","go","678"
"2022-07-01 00:00:00","java","5337"
"2022-07-01 00:00:00","javascript","12588"
"2022-07-01 00:00:00","perl","124"
"2022-07-01 00:00:00","php","3047"
"2022-07-01 00:00:00","python","18829"
"2022-07-01 00:00:00","r","3637"
"2022-07-01 00:00:00","ruby","403"
"2022-07-01 00:00:00","swift","1459"
"2022-08-01 00:00:00","assembly","159"
"2022-08-01 00:00:00","c","1417"
"2022-08-01 00:00:00","c#","5424"
"2022-08-01 00:00:00","c++","2900"
"2022-08-01 00:00:00","delphi","113"
"2022-08-01 00:00:00","go","786"
"2022-08-01 00:00:00","java","5234"
"2022-08-01 00:00:00","javascript","12928"
"2022-08-01 00:00:00","perl","116"
"2022-08-01 00:00:00","php","3079"
"2022-08-01 00:00:00","python","18481"
"2022-08-01 00:00:00","r","3759"
"2022-08-01 00:00:00","ruby","424"
"2022-08-01 00:00:00","swift","1459"
"2022-09-01 00:00:00","assembly","167"
"2022-09-01 00:00:00","c","1514"
"2022-09-01 00:00:00","c#","4949"
"2022-09-01 00:00:00","c++","2731"
"2022-09-01 00:00:00","delphi","133"
"2022-09-01 00:00:00","go","783"
"2022-09-01 00:00:00","java","4974"
"2022-09-01 00:00:00","javascript","11739"
"2022-09-01 00:00:00","perl","82"
"2022-09-01 00:00:00","php","2792"
"2022-09-01 00:00:00","python","16905"
"2022-09-01 00:00:00","r","3514"
"2022-09-01 00:00:00","ruby","398"
"2022-09-01 00:00:00","swift","1483"
"2022-10-01 00:00:00","assembly","210"
"2022-10-01 00:00:00","c","1851"
"2022-10-01 00:00:00","c#","4987"
"2022-10-01 00:00:00","c++","2864"
"2022-10-01 00:00:00","delphi","136"
"2022-10-01 00:00:00","go","674"
"2022-10-01 00:00:00","java","5218"
"2022-10-01 00:00:00","javascript","11471"
"2022-10-01 00:00:00","perl","80"
"2022-10-01 00:00:00","php","2717"
"2022-10-01 00:00:00","python","18300"
"2022-10-01 00:00:00","r","3882"
"2022-10-01 00:00:00","ruby","371"
"2022-10-01 00:00:00","swift","1321"
"2022-11-01 00:00:00","assembly","262"
"2022-11-01 00:00:00","c","1959"
"2022-11-01 00:00:00","c#","5120"
"2022-11-01 00:00:00","c++","2897"
"2022-11-01 00:00:00","delphi","106"
"2022-11-01 00:00:00","go","692"
"2022-11-01 00:00:00","java","5331"
"2022-11-01 00:00:00","javascript","11554"
"2022-11-01 00:00:00","perl","107"
"2022-11-01 00:00:00","php","2733"
"2022-11-01 00:00:00","python","18632"
"2022-11-01 00:00:00","r","3969"
"2022-11-01 00:00:00","ruby","412"
"2022-11-01 00:00:00","swift","1372"
"2022-12-01 00:00:00","assembly","247"
"2022-12-01 00:00:00","c","1693"
"2022-12-01 00:00:00","c#","4610"
"2022-12-01 00:00:00","c++","2556"
"2022-12-01 00:00:00","delphi","81"
"2022-12-01 00:00:00","go","594"
"2022-12-01 00:00:00","java","4727"
"2022-12-01 00:00:00","javascript","10109"
"2022-12-01 00:00:00","perl","93"
"2022-12-01 00:00:00","php","2322"
"2022-12-01 00:00:00","python","15654"
"2022-12-01 00:00:00","r","3186"
"2022-12-01 00:00:00","ruby","340"
"2022-12-01 00:00:00","swift","1216"
"2023-01-01 00:00:00","assembly","215"
"2023-01-01 00:00:00","c","1407"
"2023-01-01 00:00:00","c#","4656"
"2023-01-01 00:00:00","c++","2364"
"2023-01-01 00:00:00","delphi","106"
"2023-01-01 00:00:00","go","686"
"2023-01-01 00:00:00","java","4617"
"2023-01-01 00:00:00","javascript","9869"
"2023-01-01 00:00:00","perl","71"
"2023-01-01 00:00:00","php","2494"
"2023-01-01 00:00:00","python","14785"
"2023-01-01 00:00:00","r","3237"
"2023-01-01 00:00:00","ruby","325"
"2023-01-01 00:00:00","swift","1194"
"2023-02-01 00:00:00","assembly","164"
"2023-02-01 00:00:00","c","1208"
"2023-02-01 00:00:00","c#","4091"
"2023-02-01 00:00:00","c++","2007"
"2023-02-01 00:00:00","delphi","121"
"2023-02-01 00:00:00","go","617"
"2023-02-01 00:00:00","java","4044"
"2023-02-01 00:00:00","javascript","8374"
"2023-02-01 00:00:00","perl","77"
"2023-02-01 00:00:00","php","1983"
"2023-02-01 00:00:00","python","12891"
"2023-02-01 00:00:00","r","3230"
"2023-02-01 00:00:00","ruby","311"
"2023-02-01 00:00:00","swift","1058"
"2023-03-01 00:00:00","assembly","156"
"2023-03-01 00:00:00","c","1163"
"2023-03-01 00:00:00","c#","4205"
"2023-03-01 00:00:00","c++","2296"
"2023-03-01 00:00:00","delphi","120"
"2023-03-01 00:00:00","go","590"
"2023-03-01 00:00:00","java","4395"
"2023-03-01 00:00:00","javascript","8362"
"2023-03-01 00:00:00","perl","93"
"2023-03-01 00:00:00","php","1870"
"2023-03-01 00:00:00","python","12661"
"2023-03-01 00:00:00","r","3258"
"2023-03-01 00:00:00","ruby","262"
"2023-03-01 00:00:00","swift","1122"
"2023-04-01 00:00:00","assembly","173"
"2023-04-01 00:00:00","c","1079"
"2023-04-01 00:00:00","c#","3275"
"2023-04-01 00:00:00","c++","1746"
"2023-04-01 00:00:00","delphi","113"
"2023-04-01 00:00:00","go","475"
"2023-04-01 00:00:00","java","3531"
"2023-04-01 00:00:00","javascript","6470"
"2023-04-01 00:00:00","perl","55"
"2023-04-01 00:00:00","php","1556"
"2023-04-01 00:00:00","python","9933"
"2023-04-01 00:00:00","r","2558"
"2023-04-01 00:00:00","ruby","198"
"2023-04-01 00:00:00","swift","888"
"2023-05-01 00:00:00","assembly","154"
"2023-05-01 00:00:00","c","967"
"2023-05-01 00:00:00","c#","3195"
"2023-05-01 00:00:00","c++","1597"
"2023-05-01 00:00:00","delphi","100"
"2023-05-01 00:00:00","go","390"
"2023-05-01 00:00:00","java","3257"
"2023-05-01 00:00:00","javascript","6044"
"2023-05-01 00:00:00","perl","52"
"2023-05-01 00:00:00","php","1576"
"2023-05-01 00:00:00","python","9428"
"2023-05-01 00:00:00","r","2337"
"2023-05-01 00:00:00","ruby","220"
"2023-05-01 00:00:00","swift","798"
"2023-06-01 00:00:00","assembly","136"
"2023-06-01 00:00:00","c","806"
"2023-06-01 00:00:00","c#","3213"
"2023-06-01 00:00:00","c++","1624"
"2023-06-01 00:00:00","delphi","106"
"2023-06-01 00:00:00","go","492"
"2023-06-01 00:00:00","java","3269"
"2023-06-01 00:00:00","javascript","5808"
"2023-06-01 00:00:00","perl","54"
"2023-06-01 00:00:00","php","1521"
"2023-06-01 00:00:00","python","8966"
"2023-06-01 00:00:00","r","2192"
"2023-06-01 00:00:00","ruby","189"
"2023-06-01 00:00:00","swift","922"
"2023-07-01 00:00:00","assembly","149"
"2023-07-01 00:00:00","c","828"
"2023-07-01 00:00:00","c#","3247"
"2023-07-01 00:00:00","c++","1643"
"2023-07-01 00:00:00","delphi","92"
"2023-07-01 00:00:00","go","486"
"2023-07-01 00:00:00","java","3102"
"2023-07-01 00:00:00","javascript","5840"
"2023-07-01 00:00:00","perl","65"
"2023-07-01 00:00:00","php","1416"
"2023-07-01 00:00:00","python","8926"
"2023-07-01 00:00:00","r","2005"
"2023-07-01 00:00:00","ruby","200"
"2023-07-01 00:00:00","swift","931"
"2023-08-01 00:00:00","assembly","133"
"2023-08-01 00:00:00","c","786"
"2023-08-01 00:00:00","c#","3064"
"2023-08-01 00:00:00","c++","1500"
"2023-08-01 00:00:00","delphi","93"
"2023-08-01 00:00:00","go","460"
"2023-08-01 00:00:00","java","3005"
"2023-08-01 00:00:00","javascript","5162"
"2023-08-01 00:00:00","perl","48"
"2023-08-01 00:00:00","php","1477"
"2023-08-01 00:00:00","python","8155"
"2023-08-01 00:00:00","r","1976"
"2023-08-01 00:00:00","ruby","174"
"2023-08-01 00:00:00","swift","765"
"2023-09-01 00:00:00","assembly","133"
"2023-09-01 00:00:00","c","806"
"2023-09-01 00:00:00","c#","2628"
"2023-09-01 00:00:00","c++","1373"
"2023-09-01 00:00:00","delphi","98"
"2023-09-01 00:00:00","go","394"
"2023-09-01 00:00:00","java","2645"
"2023-09-01 00:00:00","javascript","4435"
"2023-09-01 00:00:00","perl","58"
"2023-09-01 00:00:00","php","1356"
"2023-09-01 00:00:00","python","6882"
"2023-09-01 00:00:00","r","1721"
"2023-09-01 00:00:00","ruby","163"
"2023-09-01 00:00:00","swift","712"
"2023-10-01 00:00:00","assembly","153"
"2023-10-01 00:00:00","c","871"
"2023-10-01 00:00:00","c#","2606"
"2023-10-01 00:00:00","c++","1523"
"2023-10-01 00:00:00","delphi","143"
"2023-10-01 00:00:00","go","391"
"2023-10-01 00:00:00","java","2625"
"2023-10-01 00:00:00","javascript","4101"
"2023-10-01 00:00:00","perl","52"
"2023-10-01 00:00:00","php","1181"
"2023-10-01 00:00:00","python","7017"
"2023-10-01 00:00:00","r","1711"
"2023-10-01 00:00:00","ruby","163"
"2023-10-01 00:00:00","swift","726"
"2023-11-01 00:00:00","assembly","154"
"2023-11-01 00:00:00","c","879"
"2023-11-01 00:00:00","c#","2612"
"2023-11-01 00:00:00","c++","1303"
"2023-11-01 00:00:00","delphi","97"
"2023-11-01 00:00:00","go","381"
"2023-11-01 00:00:00","java","2544"
"2023-11-01 00:00:00","javascript","3948"
"2023-11-01 00:00:00","perl","43"
"2023-11-01 00:00:00","php","1161"
"2023-11-01 00:00:00","python","6652"
"2023-11-01 00:00:00","r","1645"
"2023-11-01 00:00:00","ruby","132"
"2023-11-01 00:00:00","swift","704"
"2023-12-01 00:00:00","assembly","163"
"2023-12-01 00:00:00","c","801"
"2023-12-01 00:00:00","c#","2229"
"2023-12-01 00:00:00","c++","1274"
"2023-12-01 00:00:00","delphi","69"
"2023-12-01 00:00:00","go","308"
"2023-12-01 00:00:00","java","2000"
"2023-12-01 00:00:00","javascript","3631"
"2023-12-01 00:00:00","perl","53"
"2023-12-01 00:00:00","php","973"
"2023-12-01 00:00:00","python","5515"
"2023-12-01 00:00:00","r","1335"
"2023-12-01 00:00:00","ruby","129"
"2023-12-01 00:00:00","swift","596"
"2024-01-01 00:00:00","assembly","161"
"2024-01-01 00:00:00","c","779"
"2024-01-01 00:00:00","c#","2285"
"2024-01-01 00:00:00","c++","1406"
"2024-01-01 00:00:00","delphi","83"
"2024-01-01 00:00:00","go","311"
"2024-01-01 00:00:00","java","2223"
"2024-01-01 00:00:00","javascript","3951"
"2024-01-01 00:00:00","perl","33"
"2024-01-01 00:00:00","php","1114"
"2024-01-01 00:00:00","python","6129"
"2024-01-01 00:00:00","r","1546"
"2024-01-01 00:00:00","ruby","146"
"2024-01-01 00:00:00","swift","696"
"2024-02-01 00:00:00","assembly","118"
"2024-02-01 00:00:00","c","715"
"2024-02-01 00:00:00","c#","2283"
"2024-02-01 00:00:00","c++","1294"
"2024-02-01 00:00:00","delphi","102"
"2024-02-01 00:00:00","go","284"
"2024-02-01 00:00:00","java","2174"
"2024-02-01 00:00:00","javascript","3581"
"2024-02-01 00:00:00","perl","36"
"2024-02-01 00:00:00","php","1028"
"2024-02-01 00:00:00","python","6106"
"2024-02-01 00:00:00","r","1534"
"2024-02-01 00:00:00","ruby","135"
"2024-02-01 00:00:00","swift","591"
"2024-03-01 00:00:00","assembly","127"
"2024-03-01 00:00:00","c","678"
"2024-03-01 00:00:00","c#","2246"
"2024-03-01 00:00:00","c++","1216"
"2024-03-01 00:00:00","delphi","91"
"2024-03-01 00:00:00","go","301"
"2024-03-01 00:00:00","java","2231"
"2024-03-01 00:00:00","javascript","3641"
"2024-03-01 00:00:00","perl","47"
"2024-03-01 00:00:00","php","1114"
"2024-03-01 00:00:00","python","5828"
"2024-03-01 00:00:00","r","1430"
"2024-03-01 00:00:00","ruby","120"
"2024-03-01 00:00:00","swift","594"
"2024-04-01 00:00:00","assembly","169"
"2024-04-01 00:00:00","c","659"
"2024-04-01 00:00:00","c#","2255"
"2024-04-01 00:00:00","c++","1156"
"2024-04-01 00:00:00","delphi","101"
"2024-04-01 00:00:00","go","288"
"2024-04-01 00:00:00","java","2018"
"2024-04-01 00:00:00","javascript","3192"
"2024-04-01 00:00:00","perl","25"
"2024-04-01 00:00:00","php","962"
"2024-04-01 00:00:00","python","5719"
"2024-04-01 00:00:00","r","1323"
"2024-04-01 00:00:00","ruby","109"
"2024-04-01 00:00:00","swift","574"
"2024-05-01 00:00:00","assembly","148"
"2024-05-01 00:00:00","c","604"
"2024-05-01 00:00:00","c#","2028"
"2024-05-01 00:00:00","c++","1265"
"2024-05-01 00:00:00","delphi","88"
"2024-05-01 00:00:00","go","251"
"2024-05-01 00:00:00","java","1772"
"2024-05-01 00:00:00","javascript","3058"
"2024-05-01 00:00:00","perl","38"
"2024-05-01 00:00:00","php","901"
"2024-05-01 00:00:00","python","5396"
"2024-05-01 00:00:00","r","1171"
"2024-05-01 00:00:00","ruby","98"
"2024-05-01 00:00:00","swift","491"
"2024-06-01 00:00:00","assembly","83"
"2024-06-01 00:00:00","c","493"
"2024-06-01 00:00:00","c#","1657"
"2024-06-01 00:00:00","c++","973"
"2024-06-01 00:00:00","delphi","63"
"2024-06-01 00:00:00","go","213"
"2024-06-01 00:00:00","java","1390"
"2024-06-01 00:00:00","javascript","2236"
"2024-06-01 00:00:00","perl","29"
"2024-06-01 00:00:00","php","757"
"2024-06-01 00:00:00","python","4157"
"2024-06-01 00:00:00","r","934"
"2024-06-01 00:00:00","ruby","91"
"2024-06-01 00:00:00","swift","473"
"2024-07-01 00:00:00","assembly","86"
"2024-07-01 00:00:00","c","511"
"2024-07-01 00:00:00","c#","1741"
"2024-07-01 00:00:00","c++","1006"
"2024-07-01 00:00:00","delphi","51"
"2024-07-01 00:00:00","go","238"
"2024-07-01 00:00:00","java","1229"
"2024-07-01 00:00:00","javascript","2163"
"2024-07-01 00:00:00","perl","30"
"2024-07-01 00:00:00","php","694"
"2024-07-01 00:00:00","python","4073"
"2024-07-01 00:00:00","r","906"
"2024-07-01 00:00:00","ruby","85"
"2024-07-01 00:00:00","swift","466"
"2024-08-01 00:00:00","assembly","104"
"2024-08-01 00:00:00","c","455"
"2024-08-01 00:00:00","c#","1575"
"2024-08-01 00:00:00","c++","932"
"2024-08-01 00:00:00","delphi","71"
"2024-08-01 00:00:00","go","187"
"2024-08-01 00:00:00","java","999"
"2024-08-01 00:00:00","javascript","1937"
"2024-08-01 00:00:00","perl","41"
"2024-08-01 00:00:00","php","639"
"2024-08-01 00:00:00","python","3600"
"2024-08-01 00:00:00","r","767"
"2024-08-01 00:00:00","ruby","98"
"2024-08-01 00:00:00","swift","423"
"2024-09-01 00:00:00","assembly","81"
"2024-09-01 00:00:00","c","421"
"2024-09-01 00:00:00","c#","1334"
"2024-09-01 00:00:00","c++","895"
"2024-09-01 00:00:00","delphi","59"
"2024-09-01 00:00:00","go","142"
"2024-09-01 00:00:00","java","1051"
"2024-09-01 00:00:00","javascript","1680"
"2024-09-01 00:00:00","perl","26"
"2024-09-01 00:00:00","php","515"
"2024-09-01 00:00:00","python","2931"
"2024-09-01 00:00:00","r","659"
"2024-09-01 00:00:00","ruby","69"
"2024-09-01 00:00:00","swift","381"
"2024-10-01 00:00:00","assembly","84"
"2024-10-01 00:00:00","c","447"
"2024-10-01 00:00:00","c#","1345"
"2024-10-01 00:00:00","c++","848"
"2024-10-01 00:00:00","delphi","76"
"2024-10-01 00:00:00","go","168"
"2024-10-01 00:00:00","java","1229"
"2024-10-01 00:00:00","javascript","1457"
"2024-10-01 00:00:00","perl","21"
"2024-10-01 00:00:00","php","546"
"2024-10-01 00:00:00","python","2717"
"2024-10-01 00:00:00","r","688"
"2024-10-01 00:00:00","ruby","49"
"2024-10-01 00:00:00","swift","369"
"2024-11-01 00:00:00","assembly","93"
"2024-11-01 00:00:00","c","390"
"2024-11-01 00:00:00","c#","1180"
"2024-11-01 00:00:00","c++","789"
"2024-11-01 00:00:00","delphi","52"
"2024-11-01 00:00:00","go","112"
"2024-11-01 00:00:00","java","1002"
"2024-11-01 00:00:00","javascript","1286"
"2024-11-01 00:00:00","perl","20"
"2024-11-01 00:00:00","php","460"
"2024-11-01 00:00:00","python","2500"
"2024-11-01 00:00:00","r","623"
"2024-11-01 00:00:00","ruby","66"
"2024-11-01 00:00:00","swift","328"
"2024-12-01 00:00:00","assembly","90"
"2024-12-01 00:00:00","c","320"
"2024-12-01 00:00:00","c#","909"
"2024-12-01 00:00:00","c++","629"
"2024-12-01 00:00:00","delphi","38"
"2024-12-01 00:00:00","go","107"
"2024-12-01 00:00:00","java","940"
"2024-12-01 00:00:00","javascript","1120"
"2024-12-01 00:00:00","perl","24"
"2024-12-01 00:00:00","php","368"
"2024-12-01 00:00:00","python","2163"
"2024-12-01 00:00:00","r","493"
"2024-12-01 00:00:00","ruby","45"
"2024-12-01 00:00:00","swift","265"
"2025-01-01 00:00:00","assembly","67"
"2025-01-01 00:00:00","c","316"
"2025-01-01 00:00:00","c#","989"
"2025-01-01 00:00:00","c++","646"
"2025-01-01 00:00:00","delphi","53"
"2025-01-01 00:00:00","go","129"
"2025-01-01 00:00:00","java","924"
"2025-01-01 00:00:00","javascript","1144"
"2025-01-01 00:00:00","perl","24"
"2025-01-01 00:00:00","php","435"
"2025-01-01 00:00:00","python","2164"
"2025-01-01 00:00:00","r","488"
"2025-01-01 00:00:00","ruby","46"
"2025-01-01 00:00:00","swift","286"
"2025-02-01 00:00:00","assembly","53"
"2025-02-01 00:00:00","c","268"
"2025-02-01 00:00:00","c#","848"
"2025-02-01 00:00:00","c++","559"
"2025-02-01 00:00:00","delphi","53"
"2025-02-01 00:00:00","go","88"
"2025-02-01 00:00:00","java","754"
"2025-02-01 00:00:00","javascript","905"
"2025-02-01 00:00:00","perl","15"
"2025-02-01 00:00:00","php","297"
"2025-02-01 00:00:00","python","1804"
"2025-02-01 00:00:00","r","465"
"2025-02-01 00:00:00","ruby","46"
"2025-02-01 00:00:00","swift","257"
"2025-03-01 00:00:00","assembly","52"
"2025-03-01 00:00:00","c","302"
"2025-03-01 00:00:00","c#","798"
"2025-03-01 00:00:00","c++","648"
"2025-03-01 00:00:00","delphi","52"
"2025-03-01 00:00:00","go","89"
"2025-03-01 00:00:00","java","719"
"2025-03-01 00:00:00","javascript","889"
"2025-03-01 00:00:00","perl","16"
"2025-03-01 00:00:00","php","302"
"2025-03-01 00:00:00","python","1847"
"2025-03-01 00:00:00","r","464"
"2025-03-01 00:00:00","ruby","42"
"2025-03-01 00:00:00","swift","246"
"2025-04-01 00:00:00","assembly","46"
"2025-04-01 00:00:00","c","196"
"2025-04-01 00:00:00","c#","558"
"2025-04-01 00:00:00","c++","481"
"2025-04-01 00:00:00","delphi","34"
"2025-04-01 00:00:00","go","59"
"2025-04-01 00:00:00","java","646"
"2025-04-01 00:00:00","javascript","627"
"2025-04-01 00:00:00","perl","15"
"2025-04-01 00:00:00","php","212"
"2025-04-01 00:00:00","python","1464"
"2025-04-01 00:00:00","r","375"
"2025-04-01 00:00:00","ruby","30"
"2025-04-01 00:00:00","swift","184"
"2025-05-01 00:00:00","assembly","33"
"2025-05-01 00:00:00","c","194"
"2025-05-01 00:00:00","c#","476"
"2025-05-01 00:00:00","c++","427"
"2025-05-01 00:00:00","delphi","34"
"2025-05-01 00:00:00","go","49"
"2025-05-01 00:00:00","java","500"
"2025-05-01 00:00:00","javascript","517"
"2025-05-01 00:00:00","perl","16"
"2025-05-01 00:00:00","php","210"
"2025-05-01 00:00:00","python","1204"
"2025-05-01 00:00:00","r","263"
"2025-05-01 00:00:00","ruby","25"
"2025-05-01 00:00:00","swift","162"
"2025-06-01 00:00:00","assembly","34"
"2025-06-01 00:00:00","c","167"
"2025-06-01 00:00:00","c#","416"
"2025-06-01 00:00:00","c++","377"
"2025-06-01 00:00:00","delphi","32"
"2025-06-01 00:00:00","go","45"
"2025-06-01 00:00:00","java","356"
"2025-06-01 00:00:00","javascript","402"
"2025-06-01 00:00:00","perl","15"
"2025-06-01 00:00:00","php","150"
"2025-06-01 00:00:00","python","930"
"2025-06-01 00:00:00","r","245"
"2025-06-01 00:00:00","ruby","24"
"2025-06-01 00:00:00","swift","124"
"2025-07-01 00:00:00","assembly","34"
"2025-07-01 00:00:00","c","146"
"2025-07-01 00:00:00","c#","399"
"2025-07-01 00:00:00","c++","326"
"2025-07-01 00:00:00","delphi","26"
"2025-07-01 00:00:00","go","17"
"2025-07-01 00:00:00","java","345"
"2025-07-01 00:00:00","javascript","367"
"2025-07-01 00:00:00","perl","15"
"2025-07-01 00:00:00","php","99"
"2025-07-01 00:00:00","python","874"
"2025-07-01 00:00:00","r","202"
"2025-07-01 00:00:00","ruby","12"
"2025-07-01 00:00:00","swift","140"
"2025-08-01 00:00:00","assembly","22"
"2025-08-01 00:00:00","c","118"
"2025-08-01 00:00:00","c#","295"
"2025-08-01 00:00:00","c++","279"
"2025-08-01 00:00:00","delphi","34"
"2025-08-01 00:00:00","go","38"
"2025-08-01 00:00:00","java","235"
"2025-08-01 00:00:00","javascript","257"
"2025-08-01 00:00:00","perl","5"
"2025-08-01 00:00:00","php","80"
"2025-08-01 00:00:00","python","654"
"2025-08-01 00:00:00","r","154"
"2025-08-01 00:00:00","ruby","16"
"2025-08-01 00:00:00","swift","79"
"2025-09-01 00:00:00","assembly","22"
"2025-09-01 00:00:00","c","122"
"2025-09-01 00:00:00","c#","275"
"2025-09-01 00:00:00","c++","247"
"2025-09-01 00:00:00","delphi","21"
"2025-09-01 00:00:00","go","33"
"2025-09-01 00:00:00","java","283"
"2025-09-01 00:00:00","javascript","270"
"2025-09-01 00:00:00","perl","8"
"2025-09-01 00:00:00","php","109"
"2025-09-01 00:00:00","python","642"
"2025-09-01 00:00:00","r","147"
"2025-09-01 00:00:00","ruby","13"
"2025-09-01 00:00:00","swift","119"
"2025-10-01 00:00:00","assembly","40"
"2025-10-01 00:00:00","c","117"
"2025-10-01 00:00:00","c#","284"
"2025-10-01 00:00:00","c++","232"
"2025-10-01 00:00:00","delphi","22"
"2025-10-01 00:00:00","go","33"
"2025-10-01 00:00:00","java","264"
"2025-10-01 00:00:00","javascript","261"
"2025-10-01 00:00:00","perl","7"
"2025-10-01 00:00:00","php","91"
"2025-10-01 00:00:00","python","640"
"2025-10-01 00:00:00","r","183"
"2025-10-01 00:00:00","ruby","10"
"2025-10-01 00:00:00","swift","127"
"2025-11-01 00:00:00","assembly","25"
"2025-11-01 00:00:00","c","136"
"2025-11-01 00:00:00","c#","305"
"2025-11-01 00:00:00","c++","259"
"2025-11-01 00:00:00","delphi","19"
"2025-11-01 00:00:00","go","36"
"2025-11-01 00:00:00","java","297"
"2025-11-01 00:00:00","javascript","271"
"2025-11-01 00:00:00","perl","4"
"2025-11-01 00:00:00","php","96"
"2025-11-01 00:00:00","python","632"
"2025-11-01 00:00:00","r","150"
"2025-11-01 00:00:00","ruby","10"
"2025-11-01 00:00:00","swift","116"
"2025-12-01 00:00:00","assembly","22"
"2025-12-01 00:00:00","c","85"
"2025-12-01 00:00:00","c#","233"
"2025-12-01 00:00:00","c++","195"
"2025-12-01 00:00:00","delphi","18"
"2025-12-01 00:00:00","go","34"
"2025-12-01 00:00:00","java","240"
"2025-12-01 00:00:00","javascript","180"
"2025-12-01 00:00:00","perl","8"
"2025-12-01 00:00:00","php","64"
"2025-12-01 00:00:00","python","490"
"2025-12-01 00:00:00","r","118"
"2025-12-01 00:00:00","ruby","7"
"2025-12-01 00:00:00","swift","98"
"2026-01-01 00:00:00","assembly","21"
"2026-01-01 00:00:00","c","98"
"2026-01-01 00:00:00","c#","178"
"2026-01-01 00:00:00","c++","176"
"2026-01-01 00:00:00","delphi","21"
"2026-01-01 00:00:00","go","26"
"2026-01-01 00:00:00","java","194"
"2026-01-01 00:00:00","javascript","197"
"2026-01-01 00:00:00","perl","4"
"2026-01-01 00:00:00","php","56"
"2026-01-01 00:00:00","python","449"
"2026-01-01 00:00:00","r","90"
"2026-01-01 00:00:00","ruby","8"
"2026-01-01 00:00:00","swift","72"
"2026-02-01 00:00:00","assembly","15"
"2026-02-01 00:00:00","c","81"
"2026-02-01 00:00:00","c#","158"
"2026-02-01 00:00:00","c++","173"
"2026-02-01 00:00:00","delphi","20"
"2026-02-01 00:00:00","go","12"
"2026-02-01 00:00:00","java","153"
"2026-02-01 00:00:00","javascript","121"
"2026-02-01 00:00:00","perl","11"
"2026-02-01 00:00:00","php","43"
"2026-02-01 00:00:00","python","354"
"2026-02-01 00:00:00","r","95"
"2026-02-01 00:00:00","ruby","4"
"2026-02-01 00:00:00","swift","74"
"2026-03-01 00:00:00","assembly","22"
"2026-03-01 00:00:00","c","101"
"2026-03-01 00:00:00","c#","143"
"2026-03-01 00:00:00","c++","170"
"2026-03-01 00:00:00","delphi","9"
"2026-03-01 00:00:00","go","10"
"2026-03-01 00:00:00","java","164"
"2026-03-01 00:00:00","javascript","148"
"2026-03-01 00:00:00","perl","7"
"2026-03-01 00:00:00","php","59"
"2026-03-01 00:00:00","python","389"
"2026-03-01 00:00:00","r","79"
"2026-03-01 00:00:00","ruby","11"
"2026-03-01 00:00:00","swift","46"
"2026-04-01 00:00:00","assembly","18"
"2026-04-01 00:00:00","c","81"
"2026-04-01 00:00:00","c#","136"
"2026-04-01 00:00:00","c++","130"
"2026-04-01 00:00:00","delphi","7"
"2026-04-01 00:00:00","go","9"
"2026-04-01 00:00:00","java","139"
"2026-04-01 00:00:00","javascript","151"
"2026-04-01 00:00:00","perl","8"
"2026-04-01 00:00:00","php","45"
"2026-04-01 00:00:00","python","286"
"2026-04-01 00:00:00","r","94"
"2026-04-01 00:00:00","ruby","2"
"2026-04-01 00:00:00","swift","40"
"2026-05-01 00:00:00","assembly","17"
"2026-05-01 00:00:00","c","62"
"2026-05-01 00:00:00","c#","108"
"2026-05-01 00:00:00","c++","135"
"2026-05-01 00:00:00","delphi","4"
"2026-05-01 00:00:00","go","9"
"2026-05-01 00:00:00","java","152"
"2026-05-01 00:00:00","javascript","135"
"2026-05-01 00:00:00","perl","6"
"2026-05-01 00:00:00","php","51"
"2026-05-01 00:00:00","python","243"
"2026-05-01 00:00:00","r","48"
"2026-05-01 00:00:00","ruby","2"
"2026-05-01 00:00:00","swift","39"
"2026-06-01 00:00:00","assembly","8"
"2026-06-01 00:00:00","c","65"
"2026-06-01 00:00:00","c#","100"
"2026-06-01 00:00:00","c++","102"
"2026-06-01 00:00:00","delphi","11"
"2026-06-01 00:00:00","go","6"
"2026-06-01 00:00:00","java","85"
"2026-06-01 00:00:00","javascript","99"
"2026-06-01 00:00:00","perl","6"
"2026-06-01 00:00:00","php","29"
"2026-06-01 00:00:00","python","222"
"2026-06-01 00:00:00","r","42"
"2026-06-01 00:00:00","ruby","2"
"2026-06-01 00:00:00","swift","31"
"2026-07-01 00:00:00","assembly","4"
"2026-07-01 00:00:00","c","39"
"2026-07-01 00:00:00","c#","67"
"2026-07-01 00:00:00","c++","96"
"2026-07-01 00:00:00","delphi","4"
"2026-07-01 00:00:00","go","4"
"2026-07-01 00:00:00","java","68"
"2026-07-01 00:00:00","javascript","70"
"2026-07-01 00:00:00","perl","5"
"2026-07-01 00:00:00","php","23"
"2026-07-01 00:00:00","python","135"
"2026-07-01 00:00:00","r","55"
"2026-07-01 00:00:00","ruby","2"
"2026-07-01 00:00:00","swift","15"
"2026-08-01 00:00:00","assembly","4"
"2026-08-01 00:00:00","c","38"
"2026-08-01 00:00:00","c#","54"
"2026-08-01 00:00:00","c++","94"
"2026-08-01 00:00:00","delphi","3"
"2026-08-01 00:00:00","go","6"
"2026-08-01 00:00:00","java","68"
"2026-08-01 00:00:00","javascript","82"
"2026-08-01 00:00:00","perl","1"
"2026-08-01 00:00:00","php","21"
"2026-08-01 00:00:00","python","150"
"2026-08-01 00:00:00","r","27"
"2026-08-01 00:00:00","ruby","3"
"2026-08-01 00:00:00","swift","19"